Institution,Country,Latitude,Longitude
AALBORG UNIVERSITY,Denmark,57.015,9.985
AALTO UNIVERSITY,Finland,60.1848,24.8233
AARHUS UNIVERSITY,Denmark,56.1667,10.2
ABERYSTWYTH UNIVERSITY,United Kingdom,52.415089,-4.083116
ABO AKADEMI UNIVERSITY,Finland,60.452331524,22.273832238
ABU DHABI UNIVERSITY,United Arab Emirates,24.466667,54.366669
ADAM MICKIEWICZ UNIVERSITY,Poland,52.409538,16.931992
AGH UNIVERSITY OF SCIENCE AND TECHNOLOGY,Poland,50.0587164318,19.920912983
AIN SHAMS UNIVERSITY,Egypt,30.075808,30.075808
AIN SHAMS UNIVERSITY ,Egypt,30.075808,30.075808
AIRLANGGA UNIVERSITY,Indonesia,-7.250445,112.768845
AJMAN UNIVERSITY,United Arab Emirates,25.412296,55.506576
AJOU UNIVERSITY,South Korea,37.282913,127.04607
AJOU UNIVERSITY ,South Korea,37.282913,127.04607
AL AKHAWAYN UNIVERSITY IFRANE,Morocco,31.70217,-6.3494
AL AZHAR UNIVERSITY,Egypt,30.04083317,31.25749897
AL AZHAR UNIVERSITY ,Egypt,30.04083317,31.25749897
AL-FARABI KAZAKH NATIONAL UNIVERSITY,Kazakhstan,43.238949,76.889709
AL-IMAM MOHAMED IBN SAUD ISLAMIC UNIVERSITY,Saudi Arabia,24.4859,46.4247
ALEXANDRIA UNIVERSITY,Egypt,30.0275,31.2103
ALEXANDRIA UNIVERSITY ,Egypt,30.0275,31.2103
ALEXANDRU IOAN CUZA UNIVERSITY,Romania,47.151726,27.587914
"ALIGARH MUSLIM UNIVERSITY (AMU), ALIGARH",India,27.900383,78.072281
ALPEN-ADRIA-UNIVERSITÄT KLAGENFURT,Austria,46.609830894,14.258998964
ALPEN-ADRIA-UNIVERSITÄT KLAGENFURT ,Austria,46.609830894,14.258998964
ALTAI STATE UNIVERSITY,Russia,53.35,83.783
AMERICAN UNIVERSITY,United States,38.9371,-77.0869
AMERICAN UNIVERSITY IN CAIRO,Egypt,30.0186,31.5002
AMERICAN UNIVERSITY IN DUBAI,United Arab Emirates,25.123,55.411164
AMERICAN UNIVERSITY OF BEIRUT (AUB),Lebanon,33.8933080934,35.4760347625
AMERICAN UNIVERSITY OF SHARJAH,United Arab Emirates,25.30583211,55.487664716
AMIRKABIR UNIVERSITY OF TECHNOLOGY,Iran,35.7026388561,51.4053983784
AMITY UNIVERSITY,India,28.3171,76.916
AMRITA UNIVERSITY,India,10.900663064,76.90166306
AMRITA VISHWA VIDYAPEETHAM,India,10.9007,76.9017
ANKARA ÜNIVERSITESI,Turkey,39.936699,32.830299
ANNA UNIVERSITY,India,13.01268,80.236362
AOYAMA GAKUIN UNIVERSITY,Japan,35.65666404,139.706330508
ARABIAN GULF UNIVERSITY,Bahrain,26.201,50.606998
ARISTOTLE UNIVERSITY OF THESSALONIKI,Greece,40.629269,22.947412
ARIZONA STATE UNIVERSITY,United States,33.424564,-111.928001
ASSIUT UNIVERSITY,Egypt,27.18096,31.18368
ASTON UNIVERSITY,United Kingdom,52.487144,-1.886977
ATENEO DE MANILA UNIVERSITY,Philippines,14.662315,121.052513
ATHENS UNIVERSITY OF ECONOMICS AND BUSINESS,Greece,37.989662708,23.725997096
AUBURN UNIVERSITY,United States,32.593357,-85.495163
AUCKLAND UNIVERSITY OF TECHNOLOGY,New Zealand,-36.8533,174.7667
AUCKLAND UNIVERSITY OF TECHNOLOGY ,New Zealand,-36.8533,174.7667
AUSTRALIAN CATHOLIC UNIVERSITY,Australia,-27.378,153.089
AUSTRALIAN NATIONAL UNIVERSITY (ANU),Australia,-35.277988,149.120453
BABES-BOLYAI UNIVERSITY,Romania,46.767330264,23.587997648
BAKU STATE UNIVERSITY,Azerbaijan,40.3777,49.892
BANARAS HINDU UNIVERSITY,India,25.267878,82.990494
BANDUNG INSTITUTE OF TECHNOLOGY (ITB),Indonesia,-6.889852,107.609968
BANGLADESH UNIVERSITY OF ENGINEERING AND TECHNOLOGY,Bangladesh,23.726996,90.392858
BANGOR UNIVERSITY,United Kingdom,53.2289,-4.1301
BAR-ILAN UNIVERSITY,Israel,32.067333064,34.838829978
BAUMAN MOSCOW STATE TECHNICAL UNIVERSITY,Russia,55.759496962,37.68416393
BAYLOR COLLEGE OF MEDICINE,United States,29.7105,-95.3965
BAYLOR UNIVERSITY,United States,31.55571,-97.12139
BEIHANG UNIVERSITY,China,39.97416277,116.33916531
BEIJING FOREIGN STUDIES UNIVERSITY,China,39.95249619,116.30249879
BEIJING INSTITUTE OF TECHNOLOGY,China,39.916668,116.373331
BEIJING JIAOTONG UNIVERSITY,China,40.000333332,116.322332044
BEIJING NORMAL UNIVERSITY,China,39.954329516,116.35749857
BEIJING NORMAL UNIVERSITY ,China,39.954329516,116.35749857
BEIJING UNIVERSITY OF TECHNOLOGY,China,39.869329856,116.473164774
BEIRUT ARAB UNIVERSITY,Lebanon,33.8732722878,35.4969453475
BELARUS STATE UNIVERSITY,Belarus,53.8989,27.5596
BELARUSIAN NATIONAL TECHNICAL UNIVERSITY,Belarus,53.91916299,27.588997644
BEN GURION UNIVERSITY OF THE NEGEV,Israel,31.2573139707,34.800903463
BENEMÉRITA UNIVERSIDAD AUTÓNOMA DE PUEBLA,Mexico,19.033333,-98.183334
BI NORWEGIAN BUSINESS SCHOOL,Norway,59.9425578964,10.7675319299
BILKENT UNIVERSITY,Turkey,39.875275,32.748524
BINA NUSANTARA UNIVERSITY (BINUS),Indonesia,-6.2,106.816666
BINGHAMTON UNIVERSITY SUNY,United States,42.08925,-75.96989
"BIRKBECK COLLEGE, UNIVERSITY OF LONDON",United Kingdom,51.5219,-0.1303
BIRLA INSTITUTE OF TECHNOLOGY AND SCIENCE,India,15.387831782,73.873163174
BIRMINGHAM CITY UNIVERSITY (BCU),United Kingdom,52.517,-1.8922
BIRZEIT UNIVERSITY,Palestinian Territory,31.9552,35.1751
BOGAZIÇI ÜNIVERSITESI,Turkey,41.083556,29.050598
BOGOR AGRICULTURAL UNIVERSITY,Indonesia,-6.595038,106.816635
BOND UNIVERSITY,Australia,-28.0711,153.4099
BOSTON COLLEGE,United States,42.334515,-71.168648
BOSTON UNIVERSITY,United States,42.3496,-71.0997
BOURNEMOUTH UNIVERSITY,United Kingdom,50.718395,-1.883377
BOĞAZIÇI ÜNIVERSITESI,Turkey,41.083556,29.050598
BRANDEIS UNIVERSITY,United States,42.3657,-71.2597
BRIGHAM YOUNG UNIVERSITY,United States,40.25,-111.65
BRNO UNIVERSITY OF TECHNOLOGY,Czech Republic,49.2009241963,16.6021660913
BROWN UNIVERSITY,United States,41.82682,-71.402931
BRUNEL UNIVERSITY,United Kingdom,51.5263,-0.4703
BUDAPEST UNIVERSITY OF TECHNOLOGY AND ECONOMICS,Hungary,47.475498098,19.05333312
CAIRO UNIVERSITY,Egypt,30.0276,31.21014
CALIFORNIA INSTITUTE OF TECHNOLOGY (CALTECH),United States,34.138,-118.125
CANTERBURY CHRIST CHURCH UNIVERSITY,United Kingdom,51.2745,1.0868
CARDIFF UNIVERSITY,United Kingdom,51.481583,-3.17909
CARLETON UNIVERSITY,Canada,45.3831,-75.6976
CARNEGIE MELLON UNIVERSITY,United States,40.443322,-79.943583
CASE WESTERN RESERVE UNIVERSITY,United States,41.5042,-81.6085
CENTRAL EUROPEAN UNIVERSITY,Hungary,47.497913,19.040236
CENTRAL QUEENSLAND UNIVERSITY,Australia,-23.3175,150.5177
CENTRAL QUEENSLAND UNIVERSITY ,Australia,-23.3175,150.5177
CENTRAL SOUTH UNIVERSITY,China,28.173,112.925
CENTRALESUPÉLEC,France,48.701801,2.1339
CHALMERS UNIVERSITY OF TECHNOLOGY,Sweden,57.6863,11.9727
CHANG GUNG UNIVERSITY,Taiwan,25.055401,121.549599
CHARLES DARWIN UNIVERSITY,Australia,-12.3705,130.8835
CHARLES DARWIN UNIVERSITY ,Australia,-12.3705,130.8835
CHARLES STURT UNIVERSITY,Australia,-33.8738,151.2083
CHARLES STURT UNIVERSITY ,Australia,-33.8738,151.2083
CHARLES UNIVERSITY,Czech Republic,50.0884,14.4037
CHIANG MAI UNIVERSITY,Thailand,18.8026,98.9516
CHIBA UNIVERSITY,Japan,35.6253324987,140.091316301
CHINA AGRICULTURAL UNIVERSITY,China,40.001499994,116.35166526
CHINA AGRICULTURAL UNIVERSITY ,China,40.001499994,116.35166526
CHONBUK NATIONAL UNIVERSITY,South Korea,36.629,127.457
CHONGQING UNIVERSITY,China,29.439325,106.887703
CHONNAM NATIONAL UNIVERSITY,South Korea,35.166668,126.916664
CHRISTIAN-ALBRECHTS-UNIVERSITÄT ZU KIEL,Germany,54.33666532,10.120166186
CHULALONGKORN UNIVERSITY,Thailand,13.7383,100.5324
CHUNG-ANG UNIVERSITY,South Korea,37.5326,127.024612
CHUNG-ANG UNIVERSITY ,South Korea,37.5326,127.024612
CHUNGNAM NATIONAL UNIVERSITY,South Korea,36.351002,127.385002
CITY UNIVERSITY LONDON,United Kingdom,51.50853,-0.12574
CITY UNIVERSITY OF HONG KONG,Hong Kong,22.3351853259,114.170459318
CITY UNIVERSITY OF NEW YORK,United States,40.8209339,-73.9529155
"CITY, UNIVERSITY OF LONDON",United Kingdom,51.5272532264037,-0.102795319321218
CLARK UNIVERSITY,United States,42.251,-71.8232
CLARKSON UNIVERSITY,United States,44.6635,-74.9991
CLEMSON UNIVERSITY,United States,34.683437,-82.837364
COLLEGE OF WILLIAM & MARY,United States,37.2711,-76.7075
COLORADO STATE UNIVERSITY,United States,40.5749825,-105.0847257
COLUMBIA UNIVERSITY,United States,40.8045,-73.9572
COMENIUS UNIVERSITY IN BRATISLAVA,Slovakia,48.1524,17.0703
COMSATS INSTITUTE OF INFORMATION TECHNOLOGY,Pakistan,33.651592,73.156456
CONCORDIA UNIVERSITY,Canada,45.497406,-73.577102
COPENHAGEN BUSINESS SCHOOL,Denmark,55.6756389,12.563413
CORNELL UNIVERSITY,United States,42.4485,-76.4786
CORVINUS UNIVERSITY OF BUDAPEST,Hungary,47.48499806,19.054833114
COVENTRY UNIVERSITY,United Kingdom,52.408054,-1.510556
CRACOW UNIVERSITY OF TECHNOLOGY,Poland,50.071667,19.944167
CRANFIELD UNIVERSITY,United Kingdom,52.0707,-0.6233
CUKUROVA UNIVERSITY,Turkey,37.054333116,35.353498586
CURTIN UNIVERSITY,Australia,-32.0047,155.8941
CZECH TECHNICAL UNIVERSITY IN PRAGUE,Czech Republic,50.1013,14.3864
CZECH UNIVERSITY OF LIFE SCIENCES IN PRAGUE,Czech Republic,50.1348661272,14.3691318568
DALHOUSIE UNIVERSITY,Canada,44.6370765,-63.590612
DALIAN UNIVERSITY OF TECHNOLOGY,China,38.878305,121.524153
DANKOOK UNIVERSITY,South Korea,37.321547,127.1266985
DANKOOK UNIVERSITY ,South Korea,37.321547,127.1266985
DARTMOUTH COLLEGE,United States,43.70354,-72.2888425
DE LA SALLE UNIVERSITY,Philippines,14.56473,120.993796
DE MONTFORT UNIVERSITY,United Kingdom,52.6303695,-1.1386455
DEAKIN UNIVERSITY,Australia,-37.846971,145.114309
DELFT UNIVERSITY OF TECHNOLOGY,Netherlands,52.0022175,4.371763
DIPONEGORO UNIVERSITY,Indonesia,-7.048721,110.438082
DONETSK NATIONAL UNIVERSITY,Ukraine,48.278326,37.177908
DONGGUK UNIVERSITY,South Korea,37.558227,126.999829
DONGGUK UNIVERSITY ,South Korea,37.558227,126.999829
DOSHISHA UNIVERSITY,Japan,35.0300045,135.760973
DREXEL UNIVERSITY,United States,39.955879,-75.188961
DUBLIN CITY UNIVERSITY (DCU),Ireland,53.385747,-6.258126
DUBLIN INSTITUTE OF TECHNOLOGY (DIT),Ireland,53.35591,-6.256897
DUKE UNIVERSITY,United States,36.001218125,-78.9381035
DURHAM UNIVERSITY,United Kingdom,54.7706375,-1.5738085
E.A.BUKETOV KARAGANDA STATE UNIVERSITY,Kazakhstan,49.83333,73.1658
E.A.BUKETOV KARAGANDA STATE UNIVERSITY ,Kazakhstan,39.960001,-75.200393
EAST CHINA NORMAL UNIVERSITY,China,31.2289065,121.4010935
EAST CHINA UNIVERSITY OF SCIENCE AND TECHNOLOGY,China,31.8408885,117.26286
EBERHARD KARLS UNIVERSITÄT TÜBINGEN,Germany,48.530942,9.0477205
ECOLE DES PONTS PARISTECH,France,48.841218,2.5877245
ECOLE NORMALE SUPÉRIEURE DE CACHAN,France,48.788748,2.326632
ECOLE NORMALE SUPÉRIEURE DE LYON,France,45.729566,4.827962
ECOLE NORMALE SUPÉRIEURE DE LYON ,France,50.0673795,19.920792
"ECOLE NORMALE SUPÉRIEURE, PARIS (ENS PARIS)",France,48.84198,2.344598
ECOLE POLYTECHNIQUE,France,46.520378,6.565148
ECOLE POLYTECHNIQUE FÉDÉRALE DE LAUSANNE (EPFL),Switzerland,52.527452,13.401992
ECOLE POLYTECHNIQUE PARISTECH,France,48.713224,2.2096435
EDINBURGH NAPIER UNIVERSITY,United Kingdom,55.933638,-3.213665
EDITH COWAN UNIVERSITY (ECU),Australia,-33.367732,115.653393
EINDHOVEN UNIVERSITY OF TECHNOLOGY,Netherlands,51.442164898,5.487164718
EMORY UNIVERSITY,United States,33.76856675,-84.38637825
ENS PARIS-SACLAY,France,48.84198,2.344598
EOTVOS LORAND UNIVERSITY,Hungary,47.4906845,19.058448
ERASMUS UNIVERSITY ROTTERDAM,Netherlands,51.91816,4.526045
ESCP EUROPE,France,48.8645195,2.38084
ESCUELA POLITÉCNICA NACIONAL,Ecuador,-0.210479,-78.488876
ESCUELA SUPERIOR POLITÉCNICA DEL LITORAL - ESPOL,Ecuador,-2.146366,-79.965626
"ESSEC BUSINESS SCHOOL, PARIS",France,49.0334435,2.0775355
ETH ZURICH (SWISS FEDERAL INSTITUTE OF TECHNOLOGY),Switzerland,46.520378,6.565148
EUROPEAN BUSINESS SCHOOL,Germany,50.011978,8.050514
EWHA WOMANS UNIVERSITY,South Korea,37.559188,126.945498
FAR EASTERN FEDERAL UNIVERSITY,Russia,43.1177777878,131.893055566
FENG CHIA UNIVERSITY,Taiwan,24.1795375,120.6492175
FLINDERS UNIVERSITY,Australia,-35.023065,138.572376
FLORIDA INTERNATIONAL UNIVERSITY,United States,25.7549775,-80.372935
FLORIDA STATE UNIVERSITY,United States,30.4406285,-84.291384
FORDHAM UNIVERSITY,United States,40.861041,-73.88549
FREIE UNIVERSITÄT BERLIN,Germany,52.4536695,13.29132
FU JEN CATHOLIC UNIVERSITY,Taiwan,25.034333,121.433557
FUDAN UNIVERSITY,China,31.298891,121.502119
GAZI ÜNIVERSITESI,Turkey,39.927103,32.81892625
GDANSK UNIVERSITY OF TECHNOLOGY,Poland,54.3714685,18.6190045
GEORG-AUGUST-UNIVERSITÄT GÖTTINGEN,Germany,51.5379655,9.937521
GEORGE MASON UNIVERSITY,United States,38.8310085,-77.307772
GEORGE WASHINGTON UNIVERSITY,United States,38.901261,-77.0506
GEORGETOWN UNIVERSITY,United States,38.907701875,-77.072684
GEORGIA INSTITUTE OF TECHNOLOGY (GEORGIA TECH),United States,33.7763205,-84.394711
GEORGIA STATE UNIVERSITY,United States,33.7539675,-84.386814
GERMAN JORDANIAN UNIVERSITY,Jordan,32.022,35.873
GIFU UNIVERSITY,Japan,35.4635545,136.737833
GLASGOW CALEDONIAN UNIVERSITY,United Kingdom,55.867066,-4.2503765
"GOLDSMITHS, UNIVERSITY OF LONDON",United Kingdom,51.474853,-0.03717475
"GRENOBLE INP, GRENOBLE INSTITUTE OF TECHNOLOGY",France,45.203003,5.703201
GRIFFITH UNIVERSITY,Australia,-27.549348,153.0593735
GUNMA UNIVERSITY,Japan,36.407175,139.061455
GWANGJU INSTITUTE OF SCIENCE AND TECHNOLOGY (GIST),South Korea,35.226756,126.840281
HACETTEPE UNIVERSITY,Turkey,39.867573,32.734499
HACETTEPE UNIVERSITY ,Turkey,39.867573,32.734499
HALLYM UNIVERSITY,South Korea,37.391832,126.96195
HALLYM UNIVERSITY ,South Korea,37.391832,126.96195
HANYANG UNIVERSITY,South Korea,37.5590125,127.04444425
HARBIN INSTITUTE OF TECHNOLOGY,China,22.589078,113.963239
HARVARD UNIVERSITY,United States,42.3737614375,-71.1181085
HEBREW UNIVERSITY OF JERUSALEM,Israel,31.776654,35.1986715
HEC PARIS,France,48.7571595,2.169608
HERIOT-WATT UNIVERSITY,United Kingdom,55.905496378,-3.318665392
HIROSHIMA UNIVERSITY,Japan,34.400969,132.713078
HITOTSUBASHI UNIVERSITY,Japan,35.707216,139.45988525
HOKKAIDO UNIVERSITY,Japan,43.073199,141.3424105
HOLY SPIRIT UNIVERSITY OF KASLIK,Lebanon,33.9819,35.6187
HONG KONG BAPTIST UNIVERSITY (HKBU),Hong Kong,22.3046025,114.179821
HOWARD UNIVERSITY,United States,38.921405,-77.020477
HUAZHONG UNIVERSITY OF SCIENCE AND TECHNOLOGY,China,30.582553,114.255227
HUFS – HANKUK (KOREA) UNIVERSITY OF FOREIGN STUDIES,South Korea,37.595718,127.059692
HUMBOLDT-UNIVERSITÄT ZU BERLIN,Germany,52.52186,13.3797865
HUNAN UNIVERSITY,China,28.228782,112.9962825
HUNAN UNIVERSITY ,China,28.228782,112.9962825
IE UNIVERSITY,Spain,40.9530885,-4.1182915
ILLINOIS INSTITUTE OF TECHNOLOGY,United States,41.8348405,-87.627396
IMAM ABDULRAHMAN BIN FAISAL UNIVERSITY (IAU) (FORMERLY UNIVERSITY OF DAMMAM),Saudi Arabia,26.40989425,50.0996635
IMPERIAL COLLEGE LONDON,United Kingdom,51.4985565,-0.1769325
INDIAN INSTITUTE OF SCIENCE (IISC) BANGALORE,India,13.0194445,77.5667375
INDIAN INSTITUTE OF SCIENCE BANGALORE,India,13.0194445,77.5667375
INDIAN INSTITUTE OF TECHNOLOGY BOMBAY (IITB),India,19.133772,72.9150845
INDIAN INSTITUTE OF TECHNOLOGY DELHI (IITD),India,26.1900805,91.691911
INDIAN INSTITUTE OF TECHNOLOGY GUWAHATI (IITG),India,26.1900805,91.691911
INDIAN INSTITUTE OF TECHNOLOGY KANPUR (IITK),India,26.507602,80.226508
INDIAN INSTITUTE OF TECHNOLOGY KHARAGPUR (IITKGP),India,22.317843,87.308865
INDIAN INSTITUTE OF TECHNOLOGY MADRAS (IITM),India,12.994502,80.23696
INDIAN INSTITUTE OF TECHNOLOGY ROORKEE (IITR),India,29.862374,77.894583
INDIANA UNIVERSITY BLOOMINGTON,United States,39.16719,-86.520913
INDIANA UNIVERSITY-PURDUE UNIVERSITY INDIANAPOLIS,United States,39.77554225,-86.17462225
INHA UNIVERSITY,South Korea,37.449999,126.656956
INSEAD (FRANCE),France,48.405608,2.685085
INSTITUT NATIONAL DES SCIENCES APPLIQUÉES DE LYON (INSA),France,45.7825575,4.8724655
INSTITUTO POLITÉCNICO NACIONAL (IPN),Mexico,21.014691,-101.503426
INSTITUTO TECNOLÓGICO AUTONOMO DE MÉXICO (ITAM),Mexico,19.3448635,-99.199948
INSTITUTO TECNOLÓGICO DE BUENOS AIRES (ITBA),Argentina,-34.603039,-58.367632
INTERNATIONAL ISLAMIC UNIVERSITY MALAYSIA (IIUM),Malaysia,3.250806,101.733462
IOWA STATE UNIVERSITY,United States,42.026508,-93.64733
IRAN UNIVERSITY OF SCIENCE AND TECHNOLOGY,Iran,35.742436,51.502219
ISTANBUL TECHNICAL UNIVERSITY,Turkey,35.119097,33.942284
ISTANBUL UNIVERSITY,Turkey,41.014133,28.962753
ITMO UNIVERSITY,Russia,59.9564,30.31
JADAVPUR UNIVERSITY,India,22.495929,88.370892
JAGIELLONIAN UNIVERSITY,Poland,50.06129775,19.933009
JAMES COOK UNIVERSITY (JCU),Australia,-19.328,146.757
"JAMIA MILLIA ISLAMIA, NEW DELHI",India,28.561307,77.2832785
JAWAHARLAL NEHRU UNIVERSITY,India,28.545669,77.1692105
JILIN UNIVERSITY,China,43.824591,125.276124
JOHANNES GUTENBERG UNIVERSITÄT MAINZ,Germany,49.99277,8.2393545
JOHANNES KEPLER UNIVERSITÄT LINZ (JKU),Austria,48.336651,14.320349
JOHNS HOPKINS UNIVERSITY,United States,39.3289375,-76.6204945
JORDAN UNIVERSITY OF SCIENCE AND TECHNOLOGY,Jordan,32.4879635,35.9867325
JULIUS-MAXIMILIANS-UNIVERSITÄT WÜRZBURG,Germany,49.7880715,9.9352785
JUSTUS-LIEBIG-UNIVERSITÄT GIESSEN,Germany,50.578491,8.6850235
KAGOSHIMA UNIVERSITY,Japan,31.569932,130.545582
KAIST - KOREA ADVANCED INSTITUTE OF SCIENCE AND TECHNOLOGY,South Korea,36.372092,127.360296
KANAZAWA UNIVERSITY,Japan,36.551433,136.69251975
KANSAS STATE UNIVERSITY,United States,39.1901195,-96.580648
KANSAS STATE UNIVERSITY ,United States,39.1901195,-96.580648
KAOHSIUNG MEDICAL UNIVERSITY,Taiwan,22.6211935,120.2663235
KARAGANDA STATE TECHNICAL UNIVERSITY,Kazakhstan,49.93333,73.2658
KARL-FRANZENS-UNIVERSITÄT GRAZ,Austria,47.07337425,15.44966475
KAROLINSKA INSTITUTE,Sweden,59.348569,18.025933
KASETSART UNIVERSITY,Thailand,13.8517445,100.5677025
KATHOLIEKE UNIVERSITEIT LEUVEN,Belgium,50.8733765065,4.70038386512
KATHOLIEKE UNIVERSITEIT LEUVEN ,Belgium,55.787603,49.122207
KAUNAS UNIVERSITY OF TECHNOLOGY,Lithuania,54.89249643,23.907329704
KAZAKH ABLAI KHAN UNIVERSITY OF INTERNATIONAL RELATIONS AND WORLD LANGUAGES,Kazakhstan,43.318949,76.769709
KAZAKH NATIONAL AGRARIAN UNIVERSITY,Kazakhstan,43.2419,76.9519
KAZAKH NATIONAL PEDAGOGICAL UNIVERSITY ABAI,Kazakhstan,43.2775,76.895833
KAZAKH NATIONAL TECHNICAL UNIVERSITY AFTER K.I.SATPAYEV,Kazakhstan,43.158949,76.679709
KAZAKH NATIONAL TECHNICAL UNIVERSITY AFTER K.I.SATPAYEV    ,Kazakhstan,37.959812,-121.292536
KAZAKH-BRITISH TECHNICAL UNIVERSITY,Kazakhstan,43.4775,76.795433
KAZAN FEDERAL UNIVERSITY,Russia,55.7907083433,49.1219333433
KEELE UNIVERSITY,United Kingdom,53.002291,-2.2723885
KEELE UNIVERSITY ,United Kingdom,53.002291,-2.2723885
KEIO UNIVERSITY,Japan,35.388063,139.425487
KENT STATE UNIVERSITY,United States,41.145643,-81.3415995
KHALIFA UNIVERSITY,United Arab Emirates,24.447017,54.394438
KHAZAR UNIVERSITY,Azerbaijan,40.414854,49.837092
KHON KAEN UNIVERSITY,Thailand,17.802659,102.747855
KING ABDUL AZIZ UNIVERSITY (KAU),Saudi Arabia,21.489664708,39.250165666
KING ABDULLAH UNIVERSITY OF SCIENCE & TECHNOLOGY (KAUST),Saudi Arabia,22.310040692344,39.1044824232869
KING FAHD UNIVERSITY OF PETROLEUM & MINERALS (KFUPM),Saudi Arabia,26.31044325,50.14701575
KING FAISAL UNIVERSITY,Saudi Arabia,25.931997,49.64449
KING KHALID UNIVERSITY,Saudi Arabia,24.713405,46.621625
KING MONGKUT'S UNIVERSITY OF TECHNOLOGY THONBURI,Thailand,13.650835,100.491948
KING MONGKUT'S UNIVERSITY OF TECHNOLOGY THONBURI ,Thailand,13.650835,100.491948
KING SAUD UNIVERSITY (KSU),Saudi Arabia,24.7255265,46.624655
KING'S COLLEGE LONDON (KCL),United Kingdom,51.42141,-0.225741
"KINGSTON UNIVERSITY, LONDON",United Kingdom,51.402905,-0.303256
"KIT, KARLSRUHER INSTITUT FÜR TECHNOLOGIE",Germany,49.009444,8.411667
KOBE UNIVERSITY,Japan,34.728202,135.234463
KONKUK UNIVERSITY,South Korea,37.541838,127.078139
KONKUK UNIVERSITY ,South Korea,37.541838,127.078139
KOREA UNIVERSITY,South Korea,37.588049,127.030937
KOÇ UNIVERSITY,Turkey,41.204971,29.073573
KOÇ UNIVERSITY ,Turkey,41.204971,29.073573
"KTH, ROYAL INSTITUTE OF TECHNOLOGY",Sweden,59.3464415,18.07222775
KUMAMOTO UNIVERSITY,Japan,32.81362,130.72774
KUWAIT UNIVERSITY,Kuwait,29.339734,47.916311
KYOTO INSTITUTE OF TECHNOLOGY,Japan,35.049547,135.781965
KYOTO UNIVERSITY,Japan,35.0300045,135.760973
KYUNG HEE UNIVERSITY,South Korea,37.650028,127.238968
KYUNGPOOK NATIONAL UNIVERSITY,South Korea,35.8909105,128.6112765
KYUSHU INSTITUTE OF TECHNOLOGY,Japan,33.89449,130.8394785
KYUSHU INSTITUTE OF TECHNOLOGY ,Japan,33.89449,130.8394785
KYUSHU UNIVERSITY,Japan,33.595327,130.217278
L.N. GUMILYOV EURASIAN NATIONAL UNIVERSITY,Kazakhstan,51.160245,71.464825
L.N. GUMILYOV EURASIAN NATIONAL UNIVERSITY ,Kazakhstan,32.8488140522523,-96.9376481465475
LA TROBE UNIVERSITY,Australia,-37.7212385,145.0482135
LAHORE UNIVERSITY OF MANAGEMENT SCIENCES (LUMS),Pakistan,31.470176,74.4098855
LANCASTER UNIVERSITY,United Kingdom,54.0075255,-2.787612
LANZHOU UNIVERSITY,China,36.045899,103.867971
LAPPEENRANTA UNIVERSITY OF TECHNOLOGY,Finland,61.065426,28.091146
LAVAL UNIVERSITY,Canada,45.558582,-73.721343
LEBANESE AMERICAN UNIVERSITY,Lebanon,33.888996444,35.47333144
LEHIGH UNIVERSITY,United States,40.6071065,-75.3781415
LEIBNIZ UNIVERSITÄT HANNOVER,Germany,52.3825465,9.7178245
LEIDEN UNIVERSITY,Netherlands,52.081796,4.325686
LINCOLN UNIVERSITY,New Zealand,39.81012,-75.928314
LINCOLN UNIVERSITY ,New Zealand,39.81,-75.93
LINGNAN UNIVERSITY (HONG KONG),Hong Kong,22.410066,113.982752
LINKÖPING UNIVERSITY,Sweden,58.3996545,15.5770785
LIVERPOOL JOHN MOORES UNIVERSITY,United Kingdom,53.4042665,-2.976810125
LOBACHEVSKY STATE UNIVERSITY OF NIZHNI NOVGOROD,Russia,56.296505,43.936058
LODZ UNIVERSITY,Poland,51.7487895,19.4497955
LODZ UNIVERSITY OF TECHNOLOGY,Poland,51.7487895,19.4497955
LOMONOSOV MOSCOW STATE UNIVERSITY,Russia,55.702888,37.530582
LOMONOSOV MOSCOW STATE UNIVERSITY ,Russia,55.7635535,37.661657
LONDON BUSINESS SCHOOL,United Kingdom,51.5261795,-0.161
LONDON METROPOLITAN UNIVERSITY,United Kingdom,51.5520135,-0.110613
LONDON SCHOOL OF ECONOMICS AND POLITICAL SCIENCE (LSE),United Kingdom,51.5142765,-0.116634
LONDON SOUTH BANK UNIVERSITY,United Kingdom,51.497843,-0.101855
LOUGHBOROUGH UNIVERSITY,United Kingdom,52.7673425,-1.2289455
LOUISIANA STATE UNIVERSITY,United States,30.414605,-91.178322
LOYOLA UNIVERSITY CHICAGO,United States,41.998188,-87.656028
LUDWIG-MAXIMILIANS-UNIVERSITÄT MÜNCHEN,Germany,48.150471,11.594703
LUND UNIVERSITY,Sweden,55.703497186,13.189332576
M.O.AUEZOV SOUTH KAZAKHSTAN STATE UNIVERSITY,Kazakhstan,43,68.5
MAASTRICHT UNIVERSITY,Netherlands,50.84507,5.685128
MACQUARIE UNIVERSITY,Australia,-33.7750065,151.112474
MAHIDOL UNIVERSITY,Thailand,13.792803,100.326207
MAKERERE UNIVERSITY,Uganda,0.334873,32.567497
MANAGEMENT AND SCIENCE UNIVERSITY,Malaysia,3.077666,101.552601
MANCHESTER METROPOLITAN UNIVERSITY,United Kingdom,53.4704565,-2.2383945
MANIPAL ACADEMY OF HIGHER EDUCATION,India,13.354717,74.785142
MANIPAL UNIVERSITY,India,13.354717,74.785142
MARQUETTE UNIVERSITY,United States,43.0381805,-87.928479
MARTIN-LUTHER-UNIVERSITÄT HALLE-WITTENBERG,Germany,51.486307,11.969227
MASARYK UNIVERSITY,Czech Republic,49.19249923,16.602997588
MASSACHUSETTS INSTITUTE OF TECHNOLOGY (MIT),United States,42.358984,-71.0935805
MASSACHUSETTS INSTITUTE OF TECHNOLOGY (MIT) ,United States,42.358984,-71.0935805
MASSEY UNIVERSITY,New Zealand,-40.3850435,175.6169295
MAYNOOTH UNIVERSITY,Ireland,53.380368,-6.5976325
MCGILL UNIVERSITY,Canada,45.50463675,-73.5763445
MCMASTER UNIVERSITY,Canada,43.2620975,-79.9191015
MEIJI UNIVERSITY,Japan,35.698734,139.762093
MEMORIAL UNIVERSITY OF NEWFOUNDLAND,Canada,48.939199,-57.936333
MIAMI UNIVERSITY,United States,39.5047545,-84.7837535
MICHIGAN STATE UNIVERSITY,United States,42.7265225,-84.481054
MICHIGAN TECHNOLOGICAL UNIVERSITY,United States,47.1195605,-88.548516
MIDDLE EAST TECHNICAL UNIVERSITY,Turkey,35.247662,33.023643
MIDDLESEX UNIVERSITY,United Kingdom,51.58959,-0.228408
MISSOURI UNIVERSITY OF SCIENCE AND TECHNOLOGY,United States,37.955188,-91.773536
MONASH UNIVERSITY,Australia,-37.91063,145.133607
MOSCOW INSTITUTE OF PHYSICS AND TECHNOLOGY STATE UNIVERSITY,Russia,56.8425105,60.65192
MOSCOW STATE INSTITUTE OF INTERNATIONAL RELATIONS – MGIMO UNIVERSITY,Russia,55.672222,37.486944
MOSCOW STATE INSTITUTE OF INTERNATIONAL RELATIONS – MGIMO UNIVERSITY ,Russia,55.6718195,37.48924
MULTIMEDIA UNIVERSITY (MMU),Malaysia,2.2485815,102.275817
MURDOCH UNIVERSITY,Australia,-32.06937175,115.841134
MUSTANSIRIYAH UNIVERSITY,Iraq,33.3385,44.3896
NAGASAKI UNIVERSITY,Japan,32.7856985,129.8648125
NAGOYA INSTITUTE OF TECHNOLOGY (NIT),Japan,35.366517,137.113048
NAGOYA UNIVERSITY,Japan,35.156525,136.9245875
NANJING UNIVERSITY,China,32.116885,118.958144
NANKAI UNIVERSITY,China,39.101647,117.1661475
NANYANG TECHNOLOGICAL UNIVERSITY (NTU),Singapore,1.347227,103.681792
NATIONAL AND KAPODISTRIAN UNIVERSITY OF ATHENS,Greece,37.975162766,23.733663732
NATIONAL CENTRAL UNIVERSITY,Taiwan,24.9676311295,121.18906591
NATIONAL CHENG KUNG UNIVERSITY,Taiwan,22.996304,120.218153
NATIONAL CHENGCHI UNIVERSITY,Taiwan,24.987311,121.575021
NATIONAL CHIAO TUNG UNIVERSITY,Taiwan,24.7917755,120.9921855
NATIONAL CHUNG CHENG UNIVERSITY,Taiwan,23.563347,120.4740845
NATIONAL CHUNG HSING UNIVERSITY,Taiwan,24.9454515,121.37207
"NATIONAL RESEARCH NUCLEAR UNIVERSITY ""MEPHI"" (MOSCOW ENGINEERING PHYSICS INSTITUTE)",Russia,55.649722,37.664444
NATIONAL RESEARCH SARATOV STATE UNIVERSITY,Russia,51.592365,45.960804
NATIONAL RESEARCH UNIVERSITY - HIGHER SCHOOL OF ECONOMICS (HSE),Russia,55.761593800851,37.6332859272397
"NATIONAL RESEARCH UNIVERSITY HIGHER SCHOOL OF ECONOMICS (HSE, MOSCOW)",Russia,55.7620012783421,37.6329747926017
NATIONAL SUN YAT-SEN UNIVERSITY,Taiwan,22.630732,120.263924
NATIONAL TAIPEI UNIVERSITY OF TECHNOLOGY,Taiwan,25.0283905,121.53762175
NATIONAL TAIWAN NORMAL UNIVERSITY,Taiwan,25.021115625,121.5361145
NATIONAL TAIWAN UNIVERSITY (NTU),Taiwan,25.021115625,121.5361145
NATIONAL TAIWAN UNIVERSITY OF SCIENCE AND TECHNOLOGY,Taiwan,25.0283905,121.53762175
"NATIONAL TECHNICAL UNIVERSITY ""KHARKIV POLYTECHNIC INSTITUTE""",Ukraine,50.042547,36.284366
NATIONAL TECHNICAL UNIVERSITY OF ATHENS,Greece,37.976594,23.784194
"NATIONAL TECHNICAL UNIVERSITY OF UKRAINE ""KYIV POLYTECHNIC INSTITUTE""",Ukraine,50.449091,30.459302
NATIONAL TSING HUA UNIVERSITY,Taiwan,24.794726,120.9942755
NATIONAL UNIVERSITY LVIV POLYTECHNIC,Ukraine,49.825183,24.038971
"NATIONAL UNIVERSITY OF IRELAND, GALWAY (NUIG)",Ireland,53.278024875,-9.0608545
"NATIONAL UNIVERSITY OF SCIENCE AND TECHNOLOGY ""MISIS""",Russia,55.7275,37.6075
NATIONAL UNIVERSITY OF SCIENCES AND TECHNOLOGY (NUST) ISLAMABAD,Pakistan,33.6449595,72.98959
NATIONAL UNIVERSITY OF SINGAPORE (NUS),Singapore,1.294541875,103.776866875
NATIONAL YANG MING UNIVERSITY,Taiwan,25.1216,121.51381
NEW JERSEY INSTITUTE OF TECHNOLOGY (NJIT),United States,40.742124,-74.178891
NEW SCHOOL UNIVERSITY,United States,40.735506,-73.993784
NEW YORK UNIVERSITY (NYU),United States,40.861041,-73.88549
NEWCASTLE UNIVERSITY,United Kingdom,54.978,-1.615
NICOLAUS COPERNICUS UNIVERSITY,Poland,53.017456,18.573509
NICOLAUS COPERNICUS UNIVERSITY ,Poland,53.017456,18.573509
NIIGATA UNIVERSITY,Japan,37.6719125,139.0649505
NORTH CAROLINA STATE UNIVERSITY,United States,35.7861945,-78.6727755
NORTH-WEST UNIVERSITY,South Africa,-26.688943,27.092564
NORTHEASTERN UNIVERSITY,United States,42.3397355,-71.0883555
NORTHUMBRIA UNIVERSITY AT NEWCASTLE,United Kingdom,54.975413,-1.60413825
NORTHWESTERN UNIVERSITY,United States,42.0530945,-87.6752305
NORWEGIAN UNIVERSITY OF SCIENCE AND TECHNOLOGY,Norway,63.41833166,10.401498394
NOTRE DAME UNIVERSITY - LOUAIZE (NDU),Lebanon,33.950083,35.612281
NOTRE DAME UNIVERSITY-LOUAIZE (NDU),Lebanon,33.950083,35.612281
NOTTINGHAM TRENT UNIVERSITY,United Kingdom,52.956867,-1.152464
NOVOSIBIRSK STATE TECHNICAL UNIVERSITY,Russia,54.843495,83.092979
NOVOSIBIRSK STATE UNIVERSITY,Russia,55.000639,83.0180525
O. P. JINDAL GLOBAL UNIVERSITY,India,28.926401,77.056798
OCHANOMIZU UNIVERSITY,Japan,35.7185965,139.732527
OHIO STATE UNIVERSITY,United States,40.077497,-83.0742335
OHIO UNIVERSITY,United States,39.962196,-82.0324
OKAYAMA UNIVERSITY,Japan,34.685822,133.918641
OKLAHOMA STATE UNIVERSITY,United States,36.127598,-97.0744785
OKLAHOMA STATE UNIVERSITY ,United States,36.127598,-97.0744785
OREGON STATE UNIVERSITY,United States,44.5643185,-123.2768405
OSAKA CITY UNIVERSITY,Japan,34.617467,135.516784
OSAKA PREFECTURE UNIVERSITY,Japan,34.7704445,135.629295
OSAKA PREFECTURE UNIVERSITY ,Japan,34.7704445,135.629295
OSAKA UNIVERSITY,Japan,34.823534,135.520052
OXFORD BROOKES UNIVERSITY,United Kingdom,51.754836,-1.224004
PADJADJARAN UNIVERSITY,Indonesia,-6.904444,107.799397
PAKISTAN INSTITUTE OF ENGINEERING AND APPLIED SCIENCES (PIEAS),Pakistan,33.673038,72.984138
PALACKÝ UNIVERSITY IN OLOMOUC,Czech Republic,49.59508,17.25914
PANJAB UNIVERSITY,India,30.758014,76.767633
PARIS LODRON UNIVERSITÄT SALZBURG,Austria,47.80441875,13.0435565
PEKING UNIVERSITY,China,39.990647,116.304231
PENNSYLVANIA STATE UNIVERSITY,United States,40.797229,-77.870724
PEOPLE'S FRIENDSHIP UNIVERSITY OF RUSSIA,Russia,55.651,37.505
PETER THE GREAT ST.PETERSBURG POLYTECHNIC UNIVERSITY,Russia,60.0044,30.3704
PHILIPPS-UNIVERSITÄT MARBURG,Germany,50.807051,8.769975
PHILIPPS-UNIVERSITÄT MARBURG ,Germany,50.807051,8.769975
PLEKHANOV RUSSIAN UNIVERSITY OF ECONOMICS,Russia,55.727778,37.628056
POHANG UNIVERSITY OF SCIENCE AND TECHNOLOGY (POSTECH),South Korea,36.012097,129.3227425
POLITECNICO DI BARI,Italy,41.1091045,16.878695
POLITECNICO DI MILANO,Italy,45.4783085,9.2274625
POLITECNICO DI TORINO,Italy,45.062829,7.661601
POLITÉCNICA DE MADRID,Spain,40.4492,-3.7281
PONTIFICIA UNIVERSIDAD CATOLICA DEL ECUADOR,Ecuador,-0.2100775,-78.4921495
PONTIFICIA UNIVERSIDAD CATÓLICA ARGENTINA SANTA MARÍA DE LOS BUENOS AIRES (UCA),Argentina,-34.565893,-58.501315
PONTIFICIA UNIVERSIDAD CATÓLICA DE CHILE,Chile,-33.430212625,-70.62920125
PONTIFICIA UNIVERSIDAD CATÓLICA DE VALPARAÍSO,Chile,-33.044658,-71.605754
PONTIFICIA UNIVERSIDAD CATÓLICA DEL ECUADOR,Ecuador,-0.2100775,-78.4921495
PONTIFICIA UNIVERSIDAD CATÓLICA DEL PERÚ,Peru,-12.069502,-77.079535
PONTIFICIA UNIVERSIDAD JAVERIANA,Colombia,4.629213,-74.06451925
PONTIFICIA UNIVERSIDADE CATÓLICA DE SÃO PAULO (PUC-SP),Brazil,-23.549166,-46.64976
PONTIFICIA UNIVERSIDADE CATÓLICA DO RIO DE JANEIRO - PUC - RIO,Brazil,-23.000373,-43.330713
PONTIFICIA UNIVERSIDADE CATÓLICA DO RIO GRANDE DO SUL,Brazil,-30.0578835,-51.1745275
PONTIFÍCIA UNIVERSIDADE CATÓLICA DO RIO DE JANEIRO - PUC - RIO,Brazil,-23.000373,-43.330713
PONTIFÍCIA UNIVERSIDADE CATÓLICA DO RIO GRANDE DO SUL,Brazil,-30.0578835,-51.1745275
POZNAN UNIVERSITY OF TECHNOLOGY,Poland,52.3941445,16.918359
PRINCE OF SONGKLA UNIVERSITY,Thailand,7.893774,98.35337
PRINCESS SUMAYA UNIVERSITY FOR TECHNOLOGY,Jordan,32.02317,35.87627
PRINCETON UNIVERSITY,United States,40.3451335,-74.65832225
PSL UNIVERSITY,France,48.854662,2.337813
PURDUE UNIVERSITY,United States,40.416012,-86.929836
PUSAN NATIONAL UNIVERSITY,South Korea,35.233648,129.079376
QAFQAZ UNIVERSITY ,Azerbaijan,40.475772,49.727518
QATAR UNIVERSITY,Qatar,25.3741735,51.4899
QUAID-I-AZAM UNIVERSITY,Pakistan,33.747222,73.138889
QUEEN MARY UNIVERSITY OF LONDON (QMUL),United Kingdom,51.52172,-0.09858
QUEEN'S UNIVERSITY,Canada,44.225,-76.4951
QUEEN'S UNIVERSITY OF BELFAST,United Kingdom,54.5843055,-5.9349535
QUEENSLAND UNIVERSITY OF TECHNOLOGY (QUT),Australia,-27.4728,153.0235
RADBOUD UNIVERSITY NIJMEGEN,Netherlands,51.819399,5.861442
RENMIN (PEOPLE’S) UNIVERSITY OF CHINA,China,39.9699825,116.3122275
RENSSELAER POLYTECHNIC INSTITUTE,United States,42.7300305,-73.678599
RHEINISCH-WESTFÄLISCHE TECHNISCHE HOCHSCHULE AACHEN,Germany,50.778378,6.0773465
RHEINISCHE FRIEDRICH-WILHELMS-UNIVERSITÄT BONN,Germany,50.73385825,7.103284375
RHODES UNIVERSITY,South Africa,-33.3136575,26.520073
RHODES UNIVERSITY ,South Africa,-33.3136575,26.520073
RICE UNIVERSITY,United States,29.717171,-95.4018215
RIGA STRADINS UNIVERSITY,Latvia,56.9392455,24.1562905
RIGA TECHNICAL UNIVERSITY,Latvia,56.9392455,24.1562905
RIKKYO UNIVERSITY,Japan,35.7305375,139.7038585
RITSUMEIKAN UNIVERSITY,Japan,35.031364,135.725175
RMIT UNIVERSITY,Australia,-37.8047,144.958
ROVIRA I VIRGILI UNIVERSITY,Spain,39.5847201785936,2.64776330623175
ROYAL HOLLOWAY UNIVERSITY OF LONDON,United Kingdom,51.424741125,-0.56661225
RUDN UNIVERSITY,Russia,55.751244,37.618423
RUHR-UNIVERSITÄT BOCHUM,Germany,51.4442295,7.2613645
RUPRECHT-KARLS-UNIVERSITÄT HEIDELBERG,Germany,49.410121,8.706576
"RUTGERS - THE STATE UNIVERSITY OF NEW JERSEY, NEW BRUNSWICK",United States,40.50023125,-74.44789075
"RUTGERS - THE STATE UNIVERSITY OF NEW JERSEY, NEWARK",United States,40.50023125,-74.44789075
RYERSON UNIVERSITY,Canada,43.6578175,-79.380345
SABANCI UNIVERSITY,Turkey,40.892037,29.378545
SAINT-PETERSBURG STATE UNIVERSITY,Russia,59.9313,30.3264
SAITAMA UNIVERSITY,Japan,35.553433,139.647862
SAMARA NATIONAL RESEARCH UNIVERSITY (SAMARA UNIVERSITY),Russia,53.241505,50.221245
SAN DIEGO STATE UNIVERSITY,United States,32.7752265,-117.071346
SAPIENZA - UNIVERSITÀ DI ROMA,Italy,41.903316,12.5459145
SARAJEVO SCHOOL OF SCIENCE AND TECHNOLOGY,Bosnia and Herzegovina,43.85643,18.413029
SAVITRIBAI PHULE PUNE UNIVERSITY,India,18.547311,73.82637
SCIENCES PO PARIS,France,48.8547245625,2.3285310625
SCUOLA NORMALE SUPERIORE,Italy,43.719525,10.400176
SCUOLA NORMALE SUPERIORE DI PISA,Italy,43.719525,10.400176
SCUOLA SUPERIORE SANT'ANNA PISA,Italy,43.7203565,10.402789
SEJONG UNIVERSITY,South Korea,37.596275,127.0522025
SEJONG UNIVERSITY ,South Korea,37.596275,127.0522025
SEOUL NATIONAL UNIVERSITY (SNU),South Korea,37.46,126.95
SEOUL NATIONAL UNIVERSITY OF SCIENCE AND TECHNOLOGY,South Korea,37.6319375,127.078018
SEOUL NATIONAL UNIVERSITY OF SCIENCE AND TECHNOLOGY ,South Korea,37.6319375,127.078018
SEPULUH NOPEMBER INSTITUTE OF TECHNOLOGY,Indonesia,-7.281601,112.7929965
SHAHID BEHESHTI UNIVERSITY TEHRAN,Iran,35.802222,51.393333
SHANDONG UNIVERSITY,China,37.526157,122.048467
SHANGHAI INTERNATIONAL STUDIES UNIVERSITY,China,31.27880275,121.4795805
SHANGHAI JIAO TONG UNIVERSITY,China,31.200472,121.429896
SHANGHAI UNIVERSITY,China,31.3170155,121.389705
SHARIF UNIVERSITY OF TECHNOLOGY,Iran,35.701075529,51.3508619299
SHEFFIELD HALLAM UNIVERSITY,United Kingdom,53.379079,-1.46524
SHENZHEN UNIVERSITY,China,22.528156,113.930368
SHINSHU UNIVERSITY,Japan,36.251273,137.978024
SHINSHU UNIVERSITY ,Japan,36.251273,137.978024
SHIRAZ UNIVERSITY,Iran,29.591768,52.583698
SIBERIAN FEDERAL UNIVERSITY,Russia,56.0042255,92.770364
SICHUAN UNIVERSITY,China,30.675937,104.100308
SIMON FRASER UNIVERSITY,Canada,49.279063,-122.917549
SINGAPORE MANAGEMENT UNIVERSITY,Singapore,1.296981,103.8496005
SLOVAK UNIVERSITY OF TECHNOLOGY IN BRATISLAVA,Slovakia,48.150757,17.114381
SMITH COLLEGE,United States,42.3186065,-72.638525
"SOAS - SCHOOL OF ORIENTAL AND AFRICAN STUDIES, UNIVERSITY OF LONDON",United Kingdom,51.522072,-0.12895725
"SOAS - SCHOOL OF ORIENTAL AND AFRICAN STUDIES, UNIVERSITY OF LONDON ",United Kingdom,51.522072,-0.12895725
"SOFIA UNIVERSITY ""ST. KLIMENT OHRIDSKI""",Bulgaria,42.6494986,23.3571502
SOGANG UNIVERSITY,South Korea,37.5515955,126.9410355
SOPHIA UNIVERSITY,Japan,35.68680425,139.734257
SOPHIA UNIVERSITY ,Japan,35.68680425,139.734257
SORBONNE UNIVERSITY,France,48.837654,2.360779
SOUTH CHINA UNIVERSITY OF TECHNOLOGY,China,23.1563715,113.340126
SOUTH URAL STATE UNIVERSITY,Russia,56.850434,60.575475
SOUTHEAST UNIVERSITY,China,32.054666448,118.78666352
SOUTHERN CROSS UNIVERSITY,Australia,-28.8174585,153.3001105
SOUTHERN CROSS UNIVERSITY ,Australia,-28.8174585,153.3001105
SOUTHERN FEDERAL UNIVERSITY,Russia,47.2247,39.7286
SOUTHERN METHODIST UNIVERSITY,United States,32.8429835,-96.7847485
STANFORD UNIVERSITY,United States,37.424892,-122.168986
STELLENBOSCH UNIVERSITY,South Africa,-33.93143,18.8647905
STEVENS INSTITUTE OF TECHNOLOGY,United States,40.7449025,-74.0246695
STOCKHOLM SCHOOL OF ECONOMICS,Sweden,59.341678,18.0569615
STOCKHOLM UNIVERSITY,Sweden,59.33627,18.063173
STONY BROOK UNIVERSITY,United States,40.91,-73.13
SULTAN QABOOS UNIVERSITY,Oman,23.6002642,58.168135
SUMY STATE UNIVERSITY,Ukraine,50.890101,34.754395
SUN YAT-SEN UNIVERSITY,China,23.06818,113.38559
SUNGKYUNKWAN UNIVERSITY,South Korea,37.585447,126.995297
SUNWAY UNIVERSITY,Malaysia,3.06816625,101.603976
SWANSEA UNIVERSITY,United Kingdom,51.6093304375,-3.9804559375
SWINBURNE UNIVERSITY OF TECHNOLOGY,Australia,-37.8221504,145.0389
SYRACUSE UNIVERSITY,United States,43.038514,-76.13476
TAIPEI MEDICAL UNIVERSITY,Taiwan,25.027445,121.563075
TALLINN UNIVERSITY,Estonia,59.395,24.6719
TALLINN UNIVERSITY OF TECHNOLOGY,Estonia,59.43696,24.75353
TAMPERE UNIVERSITY,Finland,61.49534,23.77794
TAMPERE UNIVERSITY OF TECHNOLOGY,Finland,61.4429782281,23.8559815761
TAMPERE UNIVERSITY OF TECHNOLOGY ,Finland,28.362228,75.588597
TARAS SHEVCHENKO NATIONAL UNIVERSITY OF KYIV,Ukraine,50.4384732461,30.5067863062
TAYLOR'S UNIVERSITY,Malaysia,3.064331,101.61658
TECHNICAL UNIVERSITY OF DENMARK,Denmark,55.784122,12.519059
TECHNICAL UNIVERSITY OF KOSICE,Slovakia,48.719853,21.251378
TECHNICAL UNIVERSITY OF LIBEREC,Czech Republic,50.593745,15.163491
TECHNION - ISRAEL INSTITUTE OF TECHNOLOGY,Israel,32.776365,35.0223235
TECHNISCHE UNIVERSITÄT BERLIN,Germany,52.5117255,13.3266705
TECHNISCHE UNIVERSITÄT BRAUNSCHWEIG,Germany,52.5117255,13.3266705
TECHNISCHE UNIVERSITÄT DARMSTADT,Germany,49.874661,8.660525
TECHNISCHE UNIVERSITÄT DORTMUND,Germany,51.492594,7.415056
TECHNISCHE UNIVERSITÄT DRESDEN,Germany,51.028554,13.7285075
TECHNISCHE UNIVERSITÄT GRAZ,Austria,47.07337425,15.44966475
TECHNISCHE UNIVERSITÄT MÜNCHEN,Germany,48.14852,11.5676645
TECHNISCHE UNIVERSITÄT WIEN,Austria,48.198896,16.369325
TECNOLÓGICO DE COSTA RICA (TEC),Costa Rica,9.856876,-83.911525
TECNOLÓGICO DE COSTA RICA -TEC,Costa Rica,9.855722,-83.910982
TECNOLÓGICO DE MONTERREY (ITESM),Mexico,19.283703,-99.136333
TEL AVIV UNIVERSITY,Israel,32.113110125,34.8033525
TELECOM PARISTECH,France,48.828387,2.341135
TEMPLE UNIVERSITY,United States,39.9808005,-75.155202
TEXAS A&M UNIVERSITY,United States,30.614044,-96.342133
TEXAS TECH UNIVERSITY,United States,33.583064,-101.8777325
THAMMASAT UNIVERSITY,Thailand,14.076421,100.5987
THAPAR UNIVERSITY,India,30.352803,76.371323
THE AMERICAN UNIVERSITY IN CAIRO,Egypt,30.0199635,31.5001465
THE CATHOLIC UNIVERSITY OF KOREA,South Korea,37.278407,127.027788
THE CATHOLIC UNIVERSITY OF KOREA ,South Korea,37.278407,127.027788
THE CHINESE UNIVERSITY OF HONG KONG (CUHK),Hong Kong,22.418587,114.2081345
THE HONG KONG POLYTECHNIC UNIVERSITY,Hong Kong,22.3046025,114.179821
THE HONG KONG UNIVERSITY OF SCIENCE AND TECHNOLOGY (HKUST),Hong Kong,22.3374505,114.263211
THE ROBERT GORDON UNIVERSITY,United Kingdom,57.148018,-2.101656
THE UNIVERSITY OF ADELAIDE,Australia,-34.9202175,138.604911
THE UNIVERSITY OF AUCKLAND,New Zealand,-36.852596,174.769411
THE UNIVERSITY OF GEORGIA,United States,33.919435,-83.346881
THE UNIVERSITY OF MANCHESTER,United Kingdom,53.4644325,-2.2355155
THE UNIVERSITY OF MELBOURNE,Australia,-37.83761,145.041567
THE UNIVERSITY OF NEW SOUTH WALES (UNSW),Australia,-33.917295,151.231356
THE UNIVERSITY OF NOTTINGHAM,United Kingdom,52.950001,-1.15
THE UNIVERSITY OF QUEENSLAND (UQ),Australia,-27.497473,153.013225
THE UNIVERSITY OF SHEFFIELD,United Kingdom,53.38172,-1.479158
THE UNIVERSITY OF SYDNEY,Australia,-33.889192,151.189728
THE UNIVERSITY OF TOKYO,Japan,35.7110415,139.765039
THE UNIVERSITY OF WARWICK,United Kingdom,52.380857,-1.561638
THE UNIVERSITY OF WESTERN AUSTRALIA (UWA),Australia,-31.980069,115.817898
TIANJIN UNIVERSITY,China,39.101647,117.1661475
TILBURG UNIVERSITY,Netherlands,51.563024,5.041827
TOHOKU UNIVERSITY,Japan,38.271773,140.861356
TOKAI UNIVERSITY,Japan,35.36362,139.27457
TOKYO INSTITUTE OF TECHNOLOGY,Japan,35.60578,139.6843815
TOKYO MEDICAL AND DENTAL UNIVERSITY,Japan,35.7012575,139.764795
TOKYO MEDICAL AND DENTAL UNIVERSITY ,Japan,35.7012575,139.764795
TOKYO METROPOLITAN UNIVERSITY,Japan,35.616588,139.3775135
TOKYO UNIVERSITY OF AGRICULTURE AND TECHNOLOGY,Japan,35.699669,139.517411
TOKYO UNIVERSITY OF AGRICULTURE AND TECHNOLOGY ,Japan,35.699669,139.517411
TOKYO UNIVERSITY OF SCIENCE,Japan,33.9568695,131.1876885
TOMSK POLYTECHNIC UNIVERSITY,Russia,56.587647,84.903247
TOMSK STATE UNIVERSITY,Russia,56.484269,84.956267
TONGJI UNIVERSITY,China,31.2844465,121.5025075
TRINITY COLLEGE DUBLIN (TCD),Ireland,53.3443105,-6.257851
TSINGHUA UNIVERSITY,China,40.000979,116.326377
TUFTS UNIVERSITY,United States,42.407282,-71.1196445
TULANE UNIVERSITY,United States,29.938629,-90.1224125
UCL (UNIVERSITY COLLEGE LONDON),United Kingdom,51.524776,-0.133583
UCSI UNIVERSITY,Malaysia,3.078924,101.733206
ULSTER UNIVERSITY,United Kingdom,54.686962,-5.883484
UMEÅ UNIVERSITY,Sweden,63.8200115,20.3044615
UMM AL-QURA UNIVERSITY (UQU),Saudi Arabia,21.440106,39.808547
UNITED ARAB EMIRATES UNIVERSITY,United Arab Emirates,25.2867925,55.4767045
UNIVERSIDAD ADOLFO IBÁÑEZ,Chile,-33.4860925,-70.5179225
UNIVERSIDAD ANAHUAC,Mexico,19.4018465,-99.2630605
UNIVERSIDAD AUSTRAL,Argentina,-39.808024,-73.251515
UNIVERSIDAD AUSTRAL DE CHILE,Chile,-39.808024,-73.251515
UNIVERSIDAD AUTÓNOMA DE MADRID,Spain,40.5450115,-3.6963625
UNIVERSIDAD AUTÓNOMA DE NUEVO LEÓN (UANL),Mexico,25.725233,-100.313452
UNIVERSIDAD AUTÓNOMA DEL ESTADO DE MÉXICO,Mexico,19.28342,-99.6788555
UNIVERSIDAD AUTÓNOMA METROPOLITANA (UAM),Mexico,19.503249,-99.185728
UNIVERSIDAD CARLOS III DE MADRID,Spain,40.332134,-3.766274
UNIVERSIDAD CATÓLICA ANDRÉS BELLO - UCAB,Venezuela,10.351016,-67.038788
UNIVERSIDAD CENTRAL DE VENEZUELA (UCV),Venezuela,10.077578,-69.307358
UNIVERSIDAD COMPLUTENSE DE MADRID (UCM),Spain,40.4473005,-3.7277785
UNIVERSIDAD DE ALCALÁ,Spain,40.483029,-3.3631925
UNIVERSIDAD DE ALICANTE,Spain,38.3854984,-0.5107136
UNIVERSIDAD DE ANTIOQUIA,Colombia,6.267039,-75.5692625
UNIVERSIDAD DE BELGRANO,Argentina,-34.563898,-58.443815
UNIVERSIDAD DE BUENOS AIRES,Argentina,-34.599722,-58.373056
UNIVERSIDAD DE CASTILLA-LA MANCHA,Spain,38.991395,-3.9206335
UNIVERSIDAD DE CHILE,Chile,-33.44401575,-70.650647
UNIVERSIDAD DE CONCEPCIÓN,Chile,-36.8285605,-73.03620175
UNIVERSIDAD DE COSTA RICA,Costa Rica,9.936903,-84.0514885
UNIVERSIDAD DE GRANADA,Spain,37.178527,-3.602952
UNIVERSIDAD DE GUADALAJARA (UDG),Mexico,20.693495,-103.419359
UNIVERSIDAD DE LA HABANA,Cuba,23.136843,-82.381507
UNIVERSIDAD DE LA REPÚBLICA (UDELAR),Uruguay,-34.902125,-56.176867
UNIVERSIDAD DE LA SABANA,Colombia,4.8612105,-74.0328545
UNIVERSIDAD DE LAS AMÉRICAS PUEBLA (UDLAP),Mexico,19.0540185,-98.2818995
UNIVERSIDAD DE LIMA,Peru,-12.0847795,-76.9712475
UNIVERSIDAD DE LOS ANDES CHILE,Chile,-33.403987,-70.5070585
UNIVERSIDAD DE LOS ANDES COLOMBIA,Colombia,4.6019,-74.065594
UNIVERSIDAD DE LOS ANDES MÉRIDA,Venezuela,4.6019,-74.065594
UNIVERSIDAD DE MONTERREY,Mexico,25.662661,-100.419862
UNIVERSIDAD DE MONTEVIDEO,Uruguay,-34.904452,-56.162904
UNIVERSIDAD DE MURCIA,Spain,38.017654,-1.170041
UNIVERSIDAD DE NAVARRA,Spain,42.8012434622943,-1.65596200520361
UNIVERSIDAD DE OVIEDO,Spain,41.6260573811434,-0.88144981175924
UNIVERSIDAD DE PALERMO,Argentina,-34.5973913125,-58.4102730625
UNIVERSIDAD DE PUERTO RICO,Puerto Rico,18.474713,-67.127328
UNIVERSIDAD DE SALAMANCA,Spain,40.9615855,-5.667535
UNIVERSIDAD DE SAN ANDRÉS,Argentina,-34.446443,-58.529837
UNIVERSIDAD DE SAN FRANCISCO DE QUITO,Ecuador,-0.190999236,-78.434664928
UNIVERSIDAD DE SANTIAGO DE CHILE (USACH),Chile,-33.45,-70.65
UNIVERSIDAD DE SEVILLA,Spain,37.382320875,-5.989441
UNIVERSIDAD DE TALCA,Chile,-35.404725,-71.6338885
UNIVERSIDAD DE VALPARAÍSO,Chile,-33.491871,-70.650629
UNIVERSIDAD DE ZARAGOZA,Spain,41.641252,-0.8992105
UNIVERSIDAD DEL NORTE,Colombia,11.018737,-74.8507535
UNIVERSIDAD DEL PAIS VASCO,Spain,43.307689,-2.010665
UNIVERSIDAD DEL ROSARIO,Colombia,4.60051075,-74.07354825
UNIVERSIDAD DEL VALLE,Colombia,3.37167184664,-76.534002864
UNIVERSIDAD DIEGO PORTALES,Chile,-33.450262,-70.66011
UNIVERSIDAD EAFIT,Colombia,6.199741,-75.5786705
UNIVERSIDAD EXTERNADO DE COLOMBIA,Colombia,4.5956715,-74.0688445
UNIVERSIDAD IBEROAMERICANA (UIA),Mexico,19.3709645,-99.263613
UNIVERSIDAD ICESI,Colombia,3.341603,-76.53024
UNIVERSIDAD INDUSTRIAL DE SANTANDER,Colombia,7.1340755,-73.117767
UNIVERSIDAD LATINOAMERICANA DE CIENCIA Y TECNOLOGÍA COSTA RICA (ULACIT),Costa Rica,9.941187,-84.077618
UNIVERSIDAD METROPOLITANA,Venezuela,10.4993995,-66.7844375
UNIVERSIDAD NACIONAL AUTÓNOMA DE MÉXICO (UNAM),Mexico,19.325348,-99.1861535
UNIVERSIDAD NACIONAL COSTA RICA,Costa Rica,9.379735,-83.691559
UNIVERSIDAD NACIONAL DE ASUNCIÓN,Paraguay,-25.3348225,-57.518569
UNIVERSIDAD NACIONAL DE COLOMBIA,Colombia,4.636475,-74.08115475
UNIVERSIDAD NACIONAL DE CUYO,Argentina,-34.612729,-68.327759
UNIVERSIDAD NACIONAL DE CÓRDOBA,Argentina,-31.437257,-64.1880065
UNIVERSIDAD NACIONAL DE LA PLATA,Argentina,-34.9077780355,-57.9508095301
UNIVERSIDAD NACIONAL DE MAR DEL PLATA,Argentina,-33.433388,-70.610359
UNIVERSIDAD NACIONAL DE ROSARIO,Argentina,-32.9429135,-60.6493325
UNIVERSIDAD NACIONAL DE TUCUMÁN,Argentina,-26.826064,-65.220566
UNIVERSIDAD NACIONAL DEL LITORAL,Argentina,-31.635248,-60.705289
UNIVERSIDAD NACIONAL DEL SUR,Argentina,-38.7016,-62.269724
UNIVERSIDAD NACIONAL MAYOR DE SAN MARCOS,Peru,-12.058501,-77.081366
UNIVERSIDAD PANAMERICANA (UP),Mexico,20.681759,-103.442967
UNIVERSIDAD PERUANA CAYETANO HEREDIA,Peru,-12.023875,-77.056904
UNIVERSIDAD POLITECNICA DE VALENCIA,Spain,39.48033425,-0.34182975
UNIVERSIDAD POLITÉCNICA DE MADRID,Spain,40.42401,-3.710906
UNIVERSIDAD PONTIFICIA BOLIVARIANA,Colombia,6.2421885,-75.589645
UNIVERSIDAD REY JUAN CARLOS,Spain,40.283772,-3.818842
UNIVERSIDAD SIMÓN BOLÍVAR VENEZUELA,Venezuela,10.410184,-66.8806125
UNIVERSIDAD TECNOLÓGICA DE PANAMÁ (UTP),Panama,8.862544,-79.802671
UNIVERSIDAD TECNOLÓGICA NACIONAL (UTN),Argentina,-31.441629,-64.192695
UNIVERSIDAD TORCUATO DI TELLA,Argentina,-34.5510445,-58.4463455
UNIVERSIDAD TÉCNICA FEDERICO SANTA MARÍA,Chile,-33.490775,-70.618388
"UNIVERSIDADE CATOLICA PORTUGUESA, LISBOA",Portugal,38.74906,-9.165879
"UNIVERSIDADE CATÓLICA PORTUGUESA, LISBOA",Portugal,38.74906,-9.165879
UNIVERSIDADE DA CORUÑA,Spain,41.6275386023248,-0.883908552837284
UNIVERSIDADE DA CORUÑA ,Spain,41.6275386023248,-0.883908552837284
UNIVERSIDADE DE BRASILIA,Brazil,-15.765206,-47.868859
UNIVERSIDADE DE BRASÍLIA,Brazil,-15.765206,-47.868859
UNIVERSIDADE DE SANTIAGO DE COMPOSTELA,Spain,42.880758,-8.545573
UNIVERSIDADE DE SÃO PAULO (USP),Brazil,-23.560282,-46.723734
UNIVERSIDADE DE VIGO,Spain,42.169763,-8.684578
UNIVERSIDADE DO ESTADO DO RIO DE JANEIRO (UERJ),Brazil,-22.911278,-43.235754
UNIVERSIDADE ESTADUAL DE CAMPINAS (UNICAMP),Brazil,-22.81901,-47.067828
UNIVERSIDADE ESTADUAL DE LONDRINA,Brazil,-23.326221,-51.201845
"UNIVERSIDADE ESTADUAL PAULISTA ""JÚLIO DE MESQUITA FILHO""",Brazil,-22.891057,-48.49513
UNIVERSIDADE FEDERAL DA BAHIA,Brazil,-14.8786,-40.7899
UNIVERSIDADE FEDERAL DE MINAS GERAIS,Brazil,-19.867389,-43.96317
UNIVERSIDADE FEDERAL DE SANTA CATARINA,Brazil,-27.599142,-48.5209985
UNIVERSIDADE FEDERAL DE SANTA MARIA,Brazil,-29.7160765,-53.7166365
UNIVERSIDADE FEDERAL DE SÃO CARLOS,Brazil,-21.98573,-47.881949
UNIVERSIDADE FEDERAL DE SÃO PAULO (UNIFESP),Brazil,-23.439294,-46.404078
UNIVERSIDADE FEDERAL DE VIÇOSA,Brazil,-20.7605855,-42.8684575
UNIVERSIDADE FEDERAL DO CEARÁ (UFC),Brazil,-3.745552,-38.575766
UNIVERSIDADE FEDERAL DO PARANÁ (UFPR),Brazil,-25.051937,-50.131563
UNIVERSIDADE FEDERAL DO PERNAMBUCO,Brazil,-8.050691,-34.9486635
UNIVERSIDADE FEDERAL DO RIO DE JANEIRO,Brazil,-22.953482,-43.173948
UNIVERSIDADE FEDERAL DO RIO GRANDE DO SUL,Brazil,-30.072055,-51.119901
UNIVERSIDADE FEDERAL FLUMINENSE,Brazil,-22.9033465,-43.105006
UNIVERSIDADE NOVA DE LISBOA,Portugal,38.734009,-9.160458
UNIVERSITA DEGLI STUDI DI UDINE,Italy,46.071096,13.228695
UNIVERSITAS GADJAH MADA,Indonesia,-7.771036,110.378437
UNIVERSITAS MUHAMMADIYAH SURAKARTA,Indonesia,-7.557015,110.76946
UNIVERSITAT AUTÓNOMA DE BARCELONA,Spain,41.501766,2.103333
UNIVERSITAT DE BARCELONA (UB),Spain,41.3944515,2.17075475
UNIVERSITAT DE VALENCIA,Spain,39.4757205,-0.36876
UNIVERSITAT DE VALÈNCIA,Spain,39.4757205,-0.36876
UNIVERSITAT POLITÈCNICA DE CATALUNYA,Spain,41.387044,2.1163925
UNIVERSITAT POLITÈCNICA DE CATALUNYA ,Spain,41.387044,2.1163925
UNIVERSITAT POMPEU FABRA,Spain,41.379063,2.179913
UNIVERSITAT RAMON LLULL,Spain,39.97988695,-0.03841805
UNIVERSITI BRUNEI DARUSSALAM (UBD),Brunei,4.51234,114.017186
UNIVERSITI KEBANGSAAN MALAYSIA (UKM),Malaysia,2.928904,101.778406
UNIVERSITI MALAYA (UM),Malaysia,3.12104,101.645899
UNIVERSITI MALAYSIA PAHANG (UMP),Malaysia,3.722524,103.121826
UNIVERSITI MALAYSIA SARAWAK (UNIMAS),Malaysia,1.442333,110.428609
UNIVERSITI PUTRA MALAYSIA (UPM),Malaysia,2.998574,101.709145
UNIVERSITI SAINS MALAYSIA (USM),Malaysia,5.35606,100.302355
UNIVERSITI TEKNOLOGI BRUNEI,Brunei,4.51234,114.017186
UNIVERSITI TEKNOLOGI MALAYSIA (UTM),Malaysia,1.556951,103.63801
UNIVERSITI TEKNOLOGI MARA (UITM),Malaysia,3.067881,101.497656
UNIVERSITI TEKNOLOGI PETRONAS (PETRONAS),Malaysia,4.387163,100.97259325
UNIVERSITI TENAGA NASIONAL (UNITEN),Malaysia,2.970849,101.731949
UNIVERSITI TUNKU ABDUL RAHMAN (UTAR),Malaysia,3.040294,101.794446
UNIVERSITI UTARA MALAYSIA (UUM),Malaysia,6.461497,100.50698
UNIVERSITY AT ALBANY SUNY,United States,42.6864125,-73.82360825
UNIVERSITY AT BUFFALO SUNY,United States,43.008625,-78.783876
UNIVERSITY COLLEGE CORK (UCC),Ireland,51.893395,-8.490869
UNIVERSITY COLLEGE DUBLIN (UCD),Ireland,53.306833,-6.2201315
UNIVERSITY MALAYSIA PERLIS (UNIMAP),Malaysia,6.44805,100.243512
UNIVERSITY OF ABERDEEN,United Kingdom,57.1649135,-2.099932
UNIVERSITY OF ALABAMA,United States,33.2104205,-87.547887
UNIVERSITY OF ALBERTA,Canada,53.5246715,-113.5228665
UNIVERSITY OF AMSTERDAM,Netherlands,52.363287,4.911971
UNIVERSITY OF ANTWERP,Belgium,51.2231775,4.411748
UNIVERSITY OF ARIZONA,United States,32.233646,-110.9522335
UNIVERSITY OF ARKANSAS,United States,35.7928915,-91.6162355
UNIVERSITY OF ARKANSAS FAYETTEVILLE,United States,36.070014,-94.175767
UNIVERSITY OF AVEIRO,Portugal,40.630682,-8.6580765
UNIVERSITY OF BABYLON,Iraq,40.9295,40.276125
UNIVERSITY OF BAGHDAD,Iraq,33.37102,44.381165
UNIVERSITY OF BAHRAIN,Bahrain,25.105754,55.415171
UNIVERSITY OF BALAMAND,Lebanon,40.9295,40.276125
UNIVERSITY OF BARI,Italy,41.120678,16.86839875
UNIVERSITY OF BASEL,Switzerland,47.55858775,7.5835815
UNIVERSITY OF BATH,United Kingdom,51.3788845,-2.3277675
UNIVERSITY OF BELGRADE,Serbia,44.818824,20.457571
UNIVERSITY OF BERGEN,Norway,60.423062,5.3020545
UNIVERSITY OF BERN,Switzerland,46.9502365,7.437524
UNIVERSITY OF BIRMINGHAM,United Kingdom,52.450079,-1.9305515
UNIVERSITY OF BRADFORD,United Kingdom,53.791448,-1.765401
UNIVERSITY OF BRAWIJAYA,Indonesia,-7.954068,112.614652
UNIVERSITY OF BRAWIJAYA ,Indonesia,-7.954068,112.614652
UNIVERSITY OF BRESCIA,Italy,45.510966,10.279075
UNIVERSITY OF BRIGHTON,United Kingdom,50.845093,-0.118624
UNIVERSITY OF BRISTOL,United Kingdom,51.45701725,-2.60406325
UNIVERSITY OF BRITISH COLUMBIA,Canada,49.264573,-123.250612
UNIVERSITY OF BRUNEI DARUSSALAM,Brunei,4.51234,114.017186
UNIVERSITY OF BRUNEI DARUSSALAM ,Brunei,4.51234,114.017186
UNIVERSITY OF BUCHAREST,Romania,44.4474655,26.0973125
UNIVERSITY OF CALCUTTA,India,22.574534,88.3628245
UNIVERSITY OF CALGARY,Canada,51.0778065,-114.130576
"UNIVERSITY OF CALIFORNIA, BERKELEY (UCB)",United States,37.870394,-122.259058
"UNIVERSITY OF CALIFORNIA, DAVIS (UCD)",United States,38.539555,-121.751827
"UNIVERSITY OF CALIFORNIA, IRVINE (UCI)",United States,33.649718,-117.841987
"UNIVERSITY OF CALIFORNIA, LOS ANGELES (UCLA)",United States,34.070845,-118.44548175
"UNIVERSITY OF CALIFORNIA, RIVERSIDE (UCR)",United States,33.975632,-117.331609
"UNIVERSITY OF CALIFORNIA, SAN DIEGO (UCSD)",United States,32.879793,-117.23892
"UNIVERSITY OF CALIFORNIA, SAN FRANCISCO (UCSF)",United States,37.763313,-122.458398
"UNIVERSITY OF CALIFORNIA, SANTA BARBARA (UCSB)",United States,34.413272,-119.84887
"UNIVERSITY OF CALIFORNIA, SANTA CRUZ (UCSC)",United States,36.9901525,-122.0575945
UNIVERSITY OF CAMBRIDGE,United Kingdom,52.186507,0.136473
UNIVERSITY OF CANBERRA,Australia,-35.238678,149.0863495
UNIVERSITY OF CANBERRA ,Australia,-35.238678,149.0863495
UNIVERSITY OF CANTERBURY,New Zealand,-43.523823,172.5827215
UNIVERSITY OF CAPE TOWN,South Africa,-33.96,18.46
UNIVERSITY OF CENTRAL FLORIDA,United States,28.6014075,-81.2013415
UNIVERSITY OF CENTRAL LANCASHIRE,United Kingdom,53.7635635,-2.7083335
"UNIVERSITY OF CHEMISTRY AND TECHNOLOGY, PRAGUE",Czech Republic,50.102864,14.390338
UNIVERSITY OF CHICAGO,United States,41.789889,-87.604687
UNIVERSITY OF CINCINNATI,United States,39.1319205,-84.515631
UNIVERSITY OF COIMBRA,Portugal,40.207644,-8.4258385
UNIVERSITY OF COLOMBO,Sri Lanka,6.9028,79.8602
UNIVERSITY OF COLORADO AT BOULDER,United States,40.008266,-105.274886
UNIVERSITY OF COLORADO AT DENVER,United States,39.7447745,-105.0027
UNIVERSITY OF COLORADO AT DENVER ,United States,39.7447745,-105.0027
UNIVERSITY OF CONNECTICUT,United States,41.8070105,-72.2481995
UNIVERSITY OF COPENHAGEN,Denmark,55.68014,12.572227
UNIVERSITY OF CRETE,Greece,35.3071645,25.082519
UNIVERSITY OF CÔTE D'AZUR,France,43.675819,7.289429
UNIVERSITY OF DEBRECEN,Hungary,47.5547775,21.621485
UNIVERSITY OF DELAWARE,United States,39.67988125,-75.74845025
UNIVERSITY OF DELHI,India,28.561307,77.2832785
UNIVERSITY OF DENVER,United States,39.678478,-104.9626225
UNIVERSITY OF DHAKA,Bangladesh,23.73293296875,90.39507359375
UNIVERSITY OF DUNDEE,United Kingdom,56.4576985,-2.9805545
UNIVERSITY OF EAST ANGLIA (UEA),United Kingdom,52.621817375,1.241424
UNIVERSITY OF EAST LONDON,United Kingdom,51.507411,0.064968
UNIVERSITY OF EASTERN FINLAND,Finland,62.889772,27.629972
"UNIVERSITY OF ECONOMICS, PRAGUE",Czech Republic,50.102612,14.392855
"UNIVERSITY OF ECONOMICS, PRAGUE ",Czech Republic,50.102612,14.392855
UNIVERSITY OF EDINBURGH,United Kingdom,55.944954,-3.18805
UNIVERSITY OF ELECTRONIC SCIENCE AND TECHNOLOGY OF CHINA,China,30.675937,104.100308
UNIVERSITY OF ENGINEERING & TECHNOLOGY (UET) LAHORE,Pakistan,31.585194,74.387204
UNIVERSITY OF ESSEX,United Kingdom,51.8790698,0.945054
UNIVERSITY OF EXETER,United Kingdom,50.735925125,-3.53471625
UNIVERSITY OF FLORIDA,United States,29.647456,-82.348267
UNIVERSITY OF GDANSK,Poland,54.3970455,18.5719055
UNIVERSITY OF GENEVA,Switzerland,46.199198,6.144718
UNIVERSITY OF GHANA,Ghana,5.64496823357302,-0.189774837344885
UNIVERSITY OF GHENT,Belgium,51.0453395,3.7267615
UNIVERSITY OF GLASGOW,United Kingdom,55.8719945,-4.288112
UNIVERSITY OF GOTHENBURG,Sweden,57.682172,11.951179
UNIVERSITY OF GREENWICH,United Kingdom,51.482971,-0.005661
UNIVERSITY OF GRONINGEN,Netherlands,53.223041,6.557628
UNIVERSITY OF GUELPH,Canada,43.532261,-80.2254645
UNIVERSITY OF HAIFA,Israel,32.762352,35.0182025
UNIVERSITY OF HAWAII AT MĀNOA,United States,28.0674407,-82.4517166
UNIVERSITY OF HAWAII AT MĀNOA ,United States,28.0674407,-82.4517166
UNIVERSITY OF HELSINKI,Finland,60.175707,24.953033
UNIVERSITY OF HERTFORDSHIRE,United Kingdom,51.753379,-0.2424425
UNIVERSITY OF HONG KONG (HKU),Hong Kong,22.3046025,114.179821
UNIVERSITY OF HOUSTON,United States,29.7195475,-95.3407425
UNIVERSITY OF HUDDERSFIELD,United Kingdom,53.64374,-1.777958
UNIVERSITY OF HULL,United Kingdom,53.7712645,-0.3672605
UNIVERSITY OF HYDERABAD,India,17.458077,78.335196
UNIVERSITY OF ILLINOIS AT URBANA-CHAMPAIGN,United States,40.11054,-88.2269005
"UNIVERSITY OF ILLINOIS, CHICAGO (UIC)",United States,41.873436,-87.650264
UNIVERSITY OF INDONESIA,Indonesia,-6.36349975,106.829467
UNIVERSITY OF IOWA,United States,41.658869,-91.5483845
UNIVERSITY OF JOHANNESBURG,South Africa,-26.1861375,28.00642925
UNIVERSITY OF JOHANNESBURG ,South Africa,-26.1861375,28.00642925
UNIVERSITY OF JORDAN,Jordan,32.0180815,35.87133125
UNIVERSITY OF JYVÄSKYLÄ,Finland,62.234775,25.729131
UNIVERSITY OF KANSAS,United States,39.05612625,-94.609310125
UNIVERSITY OF KARACHI,Pakistan,24.9388725,67.118692
UNIVERSITY OF KENT,United Kingdom,50.450001,30.523333
UNIVERSITY OF KENTUCKY,United States,38.04,-84.5
UNIVERSITY OF KLAGENFURT,Austria,46.616539,14.265596
UNIVERSITY OF KUFA,Iraq,32.461288,44.417061
UNIVERSITY OF KWAZULU-NATAL,South Africa,-29.851261,31.007429
UNIVERSITY OF LAHORE,Pakistan,31.460443,74.243846
UNIVERSITY OF LATVIA,Latvia,56.950571,24.115926
UNIVERSITY OF LAUSANNE,Switzerland,46.522912,6.580125
UNIVERSITY OF LEEDS,United Kingdom,53.806948625,-1.553621125
UNIVERSITY OF LEICESTER,United Kingdom,52.6217105,-1.1244595
UNIVERSITY OF LIEGE,Belgium,50.6361915,5.5629985
UNIVERSITY OF LIMERICK (UL),Ireland,52.674214,-8.571463
UNIVERSITY OF LINCOLN,United Kingdom,53.229106,-0.5500355
UNIVERSITY OF LISBON,Portugal,38.75260975,-9.15862025
UNIVERSITY OF LISBON ,Portugal,38.75260975,-9.15862025
UNIVERSITY OF LIVERPOOL,United Kingdom,53.406097,-2.9511814375
UNIVERSITY OF LJUBLJANA,Slovenia,46.054101,14.503849
UNIVERSITY OF LODZ,Poland,51.774326,19.4642
UNIVERSITY OF MACAU,Macau,22.124095,113.545254
UNIVERSITY OF MALAYSIA SABAH (UMS),Malaysia,6.035333192,116.117832862
UNIVERSITY OF MANITOBA,Canada,49.8091545,-97.1341575
UNIVERSITY OF MARIBOR,Slovenia,46.554825,15.646896
"UNIVERSITY OF MARYLAND, BALTIMORE COUNTY",United States,39.255014,-76.712013
"UNIVERSITY OF MARYLAND, COLLEGE PARK",United States,38.995495,-76.94148
"UNIVERSITY OF MASSACHUSETTS, AMHERST",United States,42.388894,-72.527413
"UNIVERSITY OF MASSACHUSETTS, BOSTON",United States,42.3135895,-71.039156
"UNIVERSITY OF MASSACHUSETTS, BOSTON ",United States,42.3135895,-71.039156
UNIVERSITY OF MIAMI,United States,25.788606,-80.216057
UNIVERSITY OF MICHIGAN,United States,42.2771875,-83.738498
UNIVERSITY OF MILANO-BICOCCA,Italy,45.515816,9.213169
UNIVERSITY OF MILANO-BICOCCA ,Italy,45.515816,9.213169
UNIVERSITY OF MINHO,Portugal,41.561095,-8.395231
UNIVERSITY OF MINNESOTA,United States,44.974447,-93.23994275
UNIVERSITY OF MISSISSIPPI,United States,34.366002,-89.536968
"UNIVERSITY OF MISSOURI, COLUMBIA",United States,38.9459185,-92.3281905
UNIVERSITY OF MONS,Belgium,50.4639,3.954951
UNIVERSITY OF MONS ,Belgium,50.4639,3.954951
UNIVERSITY OF MONTANA MISSOULA,United States,46.85427025,-113.99905625
UNIVERSITY OF MONTANA MISSOULA ,United States,46.85427025,-113.99905625
UNIVERSITY OF MUMBAI,India,19.0715075,72.857448
UNIVERSITY OF NAIROBI,Kenya,-1.280423,36.816311
UNIVERSITY OF NEBRASKA,United States,40.8178045,-96.702037
UNIVERSITY OF NEW ENGLAND,Australia,-30.48505,151.643847
UNIVERSITY OF NEW ENGLAND ,Australia,-30.48505,151.643847
UNIVERSITY OF NEW HAMPSHIRE,United States,43.1359435,-70.9323975
UNIVERSITY OF NEW MEXICO,United States,35.08824375,-106.61867975
UNIVERSITY OF NEWCASTLE,Australia,-32.893239,151.702652
"UNIVERSITY OF NORTH CAROLINA, CHAPEL HILL",United States,35.907882,-79.0500079375
UNIVERSITY OF NOTRE DAME,United States,41.700892,-86.23848525
UNIVERSITY OF OKLAHOMA,United States,35.20446,-97.445274
UNIVERSITY OF OREGON,United States,44.044819,-123.07493
UNIVERSITY OF OSLO,Norway,59.919353,10.7719675
UNIVERSITY OF OSTRAVA,Czech Republic,49.820923,18.262524
UNIVERSITY OF OTAGO,New Zealand,-45.8657665,170.5134355
UNIVERSITY OF OTTAWA,Canada,45.42237,-75.683077
UNIVERSITY OF OULU,Finland,65.05857,25.468875
UNIVERSITY OF OXFORD,United Kingdom,51.7508475,-1.2477805
UNIVERSITY OF PARIS,France,48.8486352265625,2.343599953125
UNIVERSITY OF PARMA,Italy,44.79935,10.32618
UNIVERSITY OF PATRAS,Greece,38.286786,21.78689
UNIVERSITY OF PENNSYLVANIA,United States,39.9492625,-75.191259
UNIVERSITY OF PERADENIYA,Sri Lanka,7.2525,80.5913
UNIVERSITY OF PITTSBURGH,United States,40.443979,-79.9543695
UNIVERSITY OF PLYMOUTH,United Kingdom,50.374824,-4.138756
UNIVERSITY OF PORTO,Portugal,41.146895,-8.615609
UNIVERSITY OF PORTSMOUTH,United Kingdom,50.7947455,-1.0946335
UNIVERSITY OF PRETORIA,South Africa,-25.75,28.25
UNIVERSITY OF PUNE,India,18.555733,73.824523
UNIVERSITY OF PÉCS,Hungary,46.0674005,18.1960975
UNIVERSITY OF READING,United Kingdom,51.4414935,-0.9457155
UNIVERSITY OF ROCHESTER,United States,43.1281065,-77.629155
UNIVERSITY OF SALFORD,United Kingdom,53.473027,-2.297551
UNIVERSITY OF SAN DIEGO,United States,32.7717525,-117.187801
UNIVERSITY OF SAN FRANCISCO,United States,37.777799,-122.453223
UNIVERSITY OF SANTO TOMAS,Philippines,14.608711,120.988778
UNIVERSITY OF SASKATCHEWAN,Canada,52.1304975,-106.633973
UNIVERSITY OF SCIENCE AND TECHNOLOGY BEIJING,China,39.9893735,116.3552755
UNIVERSITY OF SCIENCE AND TECHNOLOGY OF CHINA,China,31.8408885,117.26286
UNIVERSITY OF SEOUL,South Korea,37.583571,127.0587085
UNIVERSITY OF SEOUL ,South Korea,37.583571,127.0587085
UNIVERSITY OF SHARJAH,United Arab Emirates,25.2867925,55.4767045
UNIVERSITY OF SILESIA,Poland,50.28598,19.129778
UNIVERSITY OF SOUTH AUSTRALIA (UNISA),Australia,-34.9202175,138.604911
UNIVERSITY OF SOUTH CAROLINA AT COLUMBIA,United States,33.9968505,-81.026572
UNIVERSITY OF SOUTH FLORIDA,United States,28.0579745,-82.4131625
UNIVERSITY OF SOUTHAMPTON,United Kingdom,50.934787375,-1.3980085
UNIVERSITY OF SOUTHERN CALIFORNIA,United States,34.022018,-118.2853775
UNIVERSITY OF SOUTHERN DENMARK,Denmark,55.368435,10.428221
UNIVERSITY OF SOUTHERN QUEENSLAND,Australia,-27.603528,151.9319815
UNIVERSITY OF SOUTHERN QUEENSLAND ,Australia,-27.603528,151.9319815
UNIVERSITY OF ST ANDREWS,United Kingdom,56.341364,-2.793838
UNIVERSITY OF ST GALLEN (HSG),Switzerland,47.43251,9.37513
UNIVERSITY OF STIRLING,United Kingdom,56.1454835,-3.9199285
UNIVERSITY OF STRATHCLYDE,United Kingdom,55.8615225,-4.242985
UNIVERSITY OF SURREY,United Kingdom,51.242871,-0.5886405
UNIVERSITY OF SUSSEX,United Kingdom,50.865798,-0.08701
UNIVERSITY OF SZEGED,Hungary,46.250714,20.148963
UNIVERSITY OF TAMPERE,Finland,61.493647,23.778676
UNIVERSITY OF TARTU,Estonia,58.375331832,26.718830458
UNIVERSITY OF TASMANIA,Australia,-42.9041217,147.3247697
UNIVERSITY OF TECHNOLOGY SYDNEY (UTS),Australia,-33.883964,151.200549
"UNIVERSITY OF TECHNOLOGY, SYDNEY (UTS)",Australia,-33.883964,151.200549
UNIVERSITY OF TEHRAN,Iran,35.728954,51.388721
UNIVERSITY OF TENNESSEE,United States,35.9402135,-83.943768
UNIVERSITY OF TEXAS AT AUSTIN,United States,30.2853755,-97.735642
UNIVERSITY OF TEXAS DALLAS,United States,32.985556,-96.750326
UNIVERSITY OF TEXAS DALLAS ,United States,32.985556,-96.750326
UNIVERSITY OF THE PACIFIC,United States,37.979673,-121.312043
UNIVERSITY OF THE PHILIPPINES,Philippines,14.654002,121.0681
UNIVERSITY OF THE PUNJAB,Pakistan,31.508971,74.298084
UNIVERSITY OF THE SUNSHINE COAST,Australia,-26.717528,153.0626015
UNIVERSITY OF THE SUNSHINE COAST ,Australia,-26.717528,153.0626015
UNIVERSITY OF THE WEST OF ENGLAND,United Kingdom,51.500403,-2.547659
UNIVERSITY OF THE WESTERN CAPE,South Africa,-33.9329895,18.6304745
UNIVERSITY OF THE WITWATERSRAND,South Africa,-26.1909565,28.0293305
UNIVERSITY OF TORONTO,Canada,43.548175,-79.6626575
UNIVERSITY OF TROMSO,Norway,69.649208,18.955324
UNIVERSITY OF TSUKUBA,Japan,36.109331,140.1019965
UNIVERSITY OF TULSA,United States,36.1519115,-95.94638
UNIVERSITY OF TURKU,Finland,60.45249819,22.28416553
UNIVERSITY OF TWENTE,Netherlands,52.241198,6.851607
UNIVERSITY OF ULSAN,South Korea,35.542671,129.2571275
UNIVERSITY OF ULSAN ,South Korea,35.542671,129.2571275
UNIVERSITY OF ULSTER,United Kingdom,55.149336,-6.6763
UNIVERSITY OF UTAH,United States,40.769755,-111.837882
UNIVERSITY OF VERMONT,United States,44.477893,-73.1972305
UNIVERSITY OF VICTORIA,Canada,48.4647795,-123.310659
UNIVERSITY OF VIRGINIA,United States,38.041,-78.5222
UNIVERSITY OF WAIKATO,New Zealand,-37.7876825,175.3156765
UNIVERSITY OF WARSAW,Poland,52.229678,20.982649
UNIVERSITY OF WARSAW ,Poland,52.229678,20.982649
UNIVERSITY OF WASHINGTON,United States,47.654538,-122.3076595
UNIVERSITY OF WATERLOO,Canada,43.47162025,-80.541273
UNIVERSITY OF WESTMINSTER,United Kingdom,51.519489453125,-0.1417323671875
UNIVERSITY OF WINDSOR,Canada,42.306249,-83.06394575
UNIVERSITY OF WISCONSIN-MADISON,United States,43.0732435,-89.408095
UNIVERSITY OF WOLLONGONG,Australia,-34.889002,150.56792
UNIVERSITY OF WROCLAW,Poland,51.107071,17.032256
UNIVERSITY OF WYOMING,United States,41.313073,-105.5821365
UNIVERSITY OF YORK,United Kingdom,53.9469245,-1.052564
UNIVERSITY OF ZAGREB,Croatia,45.86503,15.801008
UNIVERSITY OF ZURICH,Switzerland,47.3748005,8.548363
UNIVERSITY POLITEHNICA OF BUCHAREST,Romania,44.4474655,26.0973125
UNIVERSITY TOULOUSE – JEAN JAURÈS,France,43.5779835,1.402145
UNIVERSITÀ CA' FOSCARI VENEZIA,Italy,45.4345555,12.3263005
UNIVERSITÀ CATTOLICA DEL SACRO CUORE,Italy,45.462393,9.1766785
UNIVERSITÀ COMMERCIALE LUIGI BOCCONI,Italy,45.45031625,9.188688875
UNIVERSITÀ DEGLI STUDI DI CATANIA (UNICT),Italy,37.507295,15.082277
UNIVERSITÀ DEGLI STUDI DI FERRARA,Italy,44.833518,11.626303
UNIVERSITÀ DEGLI STUDI DI FIRENZE (UNIFI),Italy,43.7793235,11.25826
UNIVERSITÀ DEGLI STUDI DI GENOVA,Italy,44.4149405,8.926215
UNIVERSITÀ DEGLI STUDI DI MILANO,Italy,45.4607685,9.1944555
UNIVERSITÀ DEGLI STUDI DI MODENA E REGGIO EMILIA,Italy,44.645002,10.927794
UNIVERSITÀ DEGLI STUDI DI NAPOLI FEDERICO II,Italy,40.8462925,14.257262
UNIVERSITÀ DEGLI STUDI DI PADOVA (UNIPD),Italy,45.406769,11.876796
UNIVERSITÀ DEGLI STUDI DI PAVIA (UNIPV),Italy,45.194677,9.147289
UNIVERSITÀ DEGLI STUDI DI PERUGIA,Italy,43.11572,12.386359
UNIVERSITÀ DEGLI STUDI DI SALERNO,Italy,40.7631825,14.78694375
UNIVERSITÀ DEGLI STUDI DI SIENA (UNISI),Italy,43.312611,11.331705
UNIVERSITÀ DEGLI STUDI DI TORINO (UNITO),Italy,44.646191,7.658146
UNIVERSITÀ DEGLI STUDI DI TRENTO,Italy,46.069134,11.120599
UNIVERSITÀ DEGLI STUDI DI TRIESTE (UNITS),Italy,45.6585855,13.793491
UNIVERSITÀ DEGLI STUDI ROMA TRE,Italy,41.858911,12.474803
UNIVERSITÀ DI BOLOGNA (UNIBO),Italy,44.4952035,11.347144
UNIVERSITÀ DI PISA,Italy,43.7171145,10.398015
UNIVERSITÀ  DEGLI STUDI DI PALERMO,Italy,38.10846225,13.35667275
UNIVERSITÁ DEGLI STUDI DI ROMA - TOR VERGATA,Italy,41.903316,12.5158145
UNIVERSITÄT BAYREUTH,Germany,49.926699,11.580768
UNIVERSITÄT BIELEFELD,Germany,52.037716,8.4919685
UNIVERSITÄT BREMEN,Germany,53.1081475,8.853526
UNIVERSITÄT DES SAARLANDES,Germany,49.2552315,7.0416205
UNIVERSITÄT DUISBURG-ESSEN,Germany,51.463902,7.007517
UNIVERSITÄT DÜSSELDORF,Germany,51.1906925,6.793845
UNIVERSITÄT ERLANGEN-NÜRNBERG,Germany,49.598836,11.0112105
UNIVERSITÄT FRANKFURT AM MAIN,Germany,50.123368,8.659275
UNIVERSITÄT FREIBURG,Germany,47.994192,7.847365
UNIVERSITÄT HAMBURG,Germany,53.566698,9.9842545
UNIVERSITÄT HOHENHEIM,Germany,48.712179,9.2128
UNIVERSITÄT INNSBRUCK,Austria,47.2627805,11.384042
UNIVERSITÄT JENA,Germany,50.9284225,11.582276
UNIVERSITÄT KONSTANZ,Germany,47.689901,9.18843
UNIVERSITÄT KÖLN,Germany,48.142089,11.570619
UNIVERSITÄT LEIPZIG,Germany,51.3386645,12.3787115
UNIVERSITÄT MANNHEIM,Germany,49.48297225,8.46419525
UNIVERSITÄT POTSDAM,Germany,52.408663,12.975969
UNIVERSITÄT REGENSBURG,Germany,48.9984555,12.094425
UNIVERSITÄT ROSTOCK,Germany,54.088075,12.133394
UNIVERSITÄT SIEGEN,Germany,50.906168,8.028204
UNIVERSITÄT STUTTGART,Germany,48.78114475,9.17382375
UNIVERSITÄT ULM,Germany,48.7795921,9.2332289
UNIVERSITÄT WIEN,Austria,48.2131525,16.360137
UNIVERSITÉ AIX-MARSEILLE,France,43.293565,5.357801
UNIVERSITÉ CATHOLIQUE DE LOUVAIN (UCL),Belgium,50.669623,4.619955
UNIVERSITÉ CHARLES-DE-GAULLE LILLE 3,France,48.80586,2.445976
UNIVERSITÉ CLAUDE BERNARD LYON 1,France,45.782781,4.872383
UNIVERSITÉ DE BORDEAUX,France,44.79743,-0.617745
UNIVERSITÉ DE CAEN BASSE-NORMANDIE,France,49.1902405,-0.3642205
UNIVERSITÉ DE CERGY-PONTOISE,France,49.038824,2.075522
UNIVERSITÉ DE FRIBOURG,Switzerland,46.793776,7.159218
UNIVERSITÉ DE LILLE,France,50.611115,3.034757
UNIVERSITÉ DE LORRAINE,France,48.69481775,6.170996
UNIVERSITÉ DE LORRAINE ,France,48.69481775,6.170996
UNIVERSITÉ DE MONTPELLIER,France,43.632906,3.8660815
UNIVERSITÉ DE MONTPELLIER ,France,43.632906,3.8660815
UNIVERSITÉ DE MONTRÉAL,Canada,45.5032345,-73.6161915
UNIVERSITÉ DE MONTRÉAL ,Canada,45.5032345,-73.6161915
UNIVERSITÉ DE NANTES,France,47.245932,-1.550108
UNIVERSITÉ DE POITIERS,France,46.57096,0.379819
UNIVERSITÉ DE RENNES 1,France,46.522745,6.627963
UNIVERSITÉ DE SHERBROOKE,Canada,45.378801,-71.9276185
UNIVERSITÉ DE STRASBOURG,France,48.579763,7.764816
"UNIVERSITÉ DE TECHNOLOGIE, COMPIÈGNE (UTC)",France,49.4003,2.8001
UNIVERSITÉ DU QUÉBEC,Canada,46.812809,-71.225324
UNIVERSITÉ GRENOBLE-ALPES (UGA),France,45.198263,5.77647
UNIVERSITÉ GRENOBLE-ALPES (UGA) ,France,45.198263,5.77647
UNIVERSITÉ JEAN MOULIN LYON 3,France,45.747964,4.860688
UNIVERSITÉ LIBRE DE BRUXELLES (ULB),Belgium,50.85045,4.34878
"UNIVERSITÉ LILLE 1, SCIENCES ET TECHNOLOGIE",France,50.62925,3.057256
UNIVERSITÉ LILLE 2 DROIT ET SANTÉ,France,50.71925,3.147256
UNIVERSITÉ LUMIÈRE LYON 2,France,45.750763,4.83716
UNIVERSITÉ MOHAMMED V DE RABAT,Morocco,33.985,-6.862
UNIVERSITÉ NICE SOPHIA-ANTIPOLIS,France,43.717075,7.266565
UNIVERSITÉ PANTHÉON-ASSAS (PARIS 2),France,48.8486352265625,2.343599953125
UNIVERSITÉ PARIS 1 PANTHÉON-SORBONNE,France,48.8486352265625,2.343599953125
UNIVERSITÉ PARIS 1 PANTHÉON-SORBONNE ,France,48.8486352265625,2.343599953125
UNIVERSITÉ PARIS DAUPHINE,France,48.8703315,2.273772
UNIVERSITÉ PARIS DESCARTES,France,48.85559,2.331793
UNIVERSITÉ PARIS DIDEROT - PARIS 7,France,48.8934755,2.3814365
UNIVERSITÉ PARIS OUEST NANTERRE LA DÉFENSE,France,48.9031425,2.2136275
UNIVERSITÉ PARIS-SORBONNE (PARIS IV),France,48.8486352265625,2.343599953125
UNIVERSITÉ PARIS-SUD 11,France,48.70456925,2.175532875
UNIVERSITÉ PAUL SABATIER TOULOUSE III,France,43.566074,1.464728
UNIVERSITÉ PAUL-VALÉRY MONTPELLIER 3,France,43.632906,3.8660815
UNIVERSITÉ PIERRE ET MARIE CURIE (UPMC),France,48.848774,2.343463
UNIVERSITÉ PSL (PARIS SCIENCES & LETTRES),France,48.848774,2.343463
UNIVERSITÉ SAINT-JOSEPH DE BEYROUTH,Lebanon,33.89083,35.50889
UNIVERSITÉ SORBONNE NOUVELLE PARIS 3,France,48.848774,2.343463
"UNIVERSITÉ TOULOUSE 1, CAPITOLE",France,43.6065055,1.436718
UPPSALA UNIVERSITY,Sweden,59.815097,17.662725
URAL FEDERAL UNIVERSITY,Russia,56.844,60.6539
UTAH STATE UNIVERSITY,United States,41.742509,-111.8127365
UTAH STATE UNIVERSITY ,United States,41.742509,-111.8127365
UTRECHT UNIVERSITY,Netherlands,52.0922805,5.123149
V.N. KARAZIN KHARKIV NATIONAL UNIVERSITY,Ukraine,50.00682775,36.2284065
VANDERBILT UNIVERSITY,United States,36.141713,-86.8014455
VELLORE INSTITUTE OF TECHNOLOGY (VIT),India,12.9702805,79.1580365
VERONA UNIVERSITY,Italy,45.436604,11.0034725
VICTORIA UNIVERSITY,Australia,-37.7993545,144.899006
VICTORIA UNIVERSITY ,Australia,-37.7993545,144.899006
VICTORIA UNIVERSITY OF WELLINGTON,New Zealand,-41.28666552,174.767663596
VIETNAM NATIONAL UNIVERSITY - HO CHI MINH CITY (VNU-HCM),Vietnam,10.7798895,106.682404125
"VIETNAM NATIONAL UNIVERSITY, HANOI",Vietnam,21.037867,105.782214
VILNIUS GEDIMINAS TECHNICAL UNIVERSITY,Lithuania,54.71999712,25.334831994
VILNIUS UNIVERSITY,Lithuania,54.682789,25.287514
VILNIUS UNIVERSITY ,Lithuania,40.850269,-77.8496395
VIRGINIA COMMONWEALTH UNIVERSITY,United States,37.548297,-77.452015
VIRGINIA POLYTECHNIC INSTITUTE (VIRGINIA TECH),United States,37.226323,-80.4235555
VORONEZH STATE UNIVERSITY,Russia,51.67204,39.1843
VRIJE UNIVERSITEIT AMSTERDAM,Netherlands,52.3340895,4.865807
VRIJE UNIVERSITEIT BRUSSEL (VUB),Belgium,50.82219,4.392993
VYTAUTAS MAGNUS UNIVERSITY,Lithuania,54.892329764,23.9083297
WAGENINGEN UNIVERSITY,Netherlands,51.968016,5.649325
WAKE FOREST UNIVERSITY,United States,36.135829,-80.277438
WARSAW UNIVERSITY OF LIFE SCIENCES,Poland,52.16202,21.0474795
WARSAW UNIVERSITY OF TECHNOLOGY,Poland,52.219544,21.010171
WASEDA UNIVERSITY,Japan,35.70885,139.719534
WASHINGTON STATE UNIVERSITY,United States,46.7275595,-117.1625925
WASHINGTON UNIVERSITY IN ST. LOUIS,United States,38.648015,-90.311359
WAYNE STATE UNIVERSITY,United States,42.3568145,-83.0696575
WEIZMANN INSTITUTE OF SCIENCE,Israel,31.904375,34.808675
WEST UNIVERSITY OF TIMISOARA,Romania,45.747196,21.231468
WESTERN SYDNEY UNIVERSITY,Australia,-33.889192,151.189728
WESTERN UNIVERSITY,Canada,43.003772,-81.275757
WESTFÄLISCHE WILHELMS-UNIVERSITÄT MÜNSTER,Germany,51.963757,7.614203
WESTFÄLISCHE WILHELMS-UNIVERSITÄT MÜNSTER ,Germany,51.963757,7.614203
WHU OTTO BEISHEIM SCHOOL OF MANAGEMENT - KOBLENZ,Germany,50.4001725,7.6135935
WORCESTER POLYTECHNIC INSTITUTE,United States,42.274151,-71.80844
WROCLAW UNIVERSITY OF TECHNOLOGY,Poland,51.1052862455,17.055921443
WROCŁAW UNIVERSITY OF SCIENCE AND TECHNOLOGY,Poland,51.108811,17.059869
WUHAN UNIVERSITY,China,30.539698,114.368367
WUHAN UNIVERSITY OF TECHNOLOGY,China,30.522728,114.348799
XI'AN JIAOTONG UNIVERSITY,China,34.219191,108.937882
XI'AN JIAOTONG-LIVERPOOL UNIVERSITY,China,31.274907,120.73612
XIAMEN UNIVERSITY,China,24.610554,118.301225
YALE UNIVERSITY,United States,41.3113795,-72.925847
YAMAGUCHI UNIVERSITY,Japan,34.12069,131.4024305
YAMAGUCHI UNIVERSITY ,Japan,34.12069,131.4024305
YESHIVA UNIVERSITY,United States,40.85106,-73.92986
YEUNGNAM UNIVERSITY,South Korea,35.8360635,128.75671325
YEUNGNAM UNIVERSITY ,South Korea,35.8360635,128.75671325
YOKOHAMA CITY UNIVERSITY,Japan,35.3340155,139.6177705
YOKOHAMA NATIONAL UNIVERSITY,Japan,35.4737885,139.590155
YONSEI UNIVERSITY,South Korea,37.567768,126.938323
YORK UNIVERSITY,Canada,43.772107,-79.50219
ZAYED UNIVERSITY,United Arab Emirates,25.102498,55.385698
ZHEJIANG UNIVERSITY,China,30.295271,120.16214
ÉCOLE DES PONTS PARISTECH,France,48.841218,2.5877245
ÉCOLE NORMALE SUPÉRIEURE DE LYON,France,45.729734,4.826875
ÉCOLE POLYTECHNIQUE FÉDÉRALE DE LAUSANNE (EPFL),Switzerland,52.527452,13.401992
